fault_number,W,S,typical_mass,max_stationary_occupancy,stationary_entropy_norm,typical_edge_count,typical_edge_entropy,self_loop_mass,cycle_mass,dominant_pair,taxonomy_class
0,80,5,0.75,0.22277361206360335,0.9307451654763267,20,0.8241036398436983,0.6688441260607193,0.3311558739392807,XMEAS8-XMEAS9,diffuse_wandering
4,80,5,0.75,0.19141551906221763,0.9450954398880658,21,0.8266978787174316,0.6735433648810892,0.32645663511891077,XMEAS8-XMEAS9,diffuse_wandering
6,80,5,0.75,0.9790873458557049,0.06105259486153694,1,0.0,0.9874440200655478,0.012555979934452233,XMEAS7-XMEAS11,single_edge_attractor
8,80,5,0.75,0.9808358240419958,0.057218014469418016,1,0.0,0.9865344849143018,0.013465515085698154,XMEAS7-XMEAS11,single_edge_attractor
12,80,5,0.75,0.5402115319939896,0.5421380505069001,2,0.9451055646191056,0.8762659265078325,0.12373407349216747,XMEAS9-XMEAS11,metastable_basin
13,80,5,0.75,0.9203989707676524,0.1891440563838918,1,0.0,0.9577706815820666,0.042229318417933426,XMEAS7-XMEAS11,single_edge_attractor
14,80,5,0.75,0.9909278582845047,0.027105232511742437,1,0.0,0.9925505287660267,0.007449471233973326,XMEAS7-XMEAS11,single_edge_attractor
15,80,5,0.75,0.22297026573676454,0.9319611442533479,21,0.8191215451208752,0.6643931824042029,0.33560681759579714,XMEAS8-XMEAS9,diffuse_wandering
16,80,5,0.75,0.22119589359630562,0.94397657470076,20,0.8324458599966996,0.6732278078909526,0.3267721921090474,XMEAS8-XMEAS9,diffuse_wandering
17,80,5,0.75,0.4730475549485903,0.48886230787179885,2,0.998431342392513,0.8645568031120204,0.13544319688797957,XMEAS7-XMEAS11,metastable_basin
18,80,5,0.75,0.7593759535515565,0.32957181935912905,2,0.7028939161359008,0.9435756391879061,0.0564243608120939,XMEAS7-XMEAS11,single_edge_attractor
0,80,5,0.8,0.22277361206360335,0.9307451654763267,29,0.7984887952384047,0.6688441260607193,0.3311558739392807,XMEAS8-XMEAS9,diffuse_wandering
4,80,5,0.8,0.19141551906221763,0.9450954398880658,29,0.8042131979465753,0.6735433648810892,0.32645663511891077,XMEAS8-XMEAS9,diffuse_wandering
6,80,5,0.8,0.9790873458557049,0.06105259486153694,1,0.0,0.9874440200655478,0.012555979934452233,XMEAS7-XMEAS11,single_edge_attractor
8,80,5,0.8,0.9808358240419958,0.057218014469418016,1,0.0,0.9865344849143018,0.013465515085698154,XMEAS7-XMEAS11,single_edge_attractor
12,80,5,0.8,0.5402115319939896,0.5421380505069001,3,0.716104920710254,0.8762659265078325,0.12373407349216747,XMEAS9-XMEAS11,metastable_basin
13,80,5,0.8,0.9203989707676524,0.1891440563838918,1,0.0,0.9577706815820666,0.042229318417933426,XMEAS7-XMEAS11,single_edge_attractor
14,80,5,0.8,0.9909278582845047,0.027105232511742437,1,0.0,0.9925505287660267,0.007449471233973326,XMEAS7-XMEAS11,single_edge_attractor
15,80,5,0.8,0.22297026573676454,0.9319611442533479,29,0.8004843747969003,0.6643931824042029,0.33560681759579714,XMEAS8-XMEAS9,diffuse_wandering
16,80,5,0.8,0.22119589359630562,0.94397657470076,28,0.8067632509050142,0.6732278078909526,0.3267721921090474,XMEAS8-XMEAS9,diffuse_wandering
17,80,5,0.8,0.4730475549485903,0.48886230787179885,2,0.998431342392513,0.8645568031120204,0.13544319688797957,XMEAS7-XMEAS11,metastable_basin
18,80,5,0.8,0.7593759535515565,0.32957181935912905,2,0.7028939161359008,0.9435756391879061,0.0564243608120939,XMEAS7-XMEAS11,single_edge_attractor
0,80,5,0.9,0.22277361206360335,0.9307451654763267,52,0.7798952340560271,0.6688441260607193,0.3311558739392807,XMEAS8-XMEAS9,diffuse_wandering
4,80,5,0.9,0.19141551906221763,0.9450954398880658,52,0.7876577746164909,0.6735433648810892,0.32645663511891077,XMEAS8-XMEAS9,diffuse_wandering
6,80,5,0.9,0.9790873458557049,0.06105259486153694,1,0.0,0.9874440200655478,0.012555979934452233,XMEAS7-XMEAS11,single_edge_attractor
8,80,5,0.9,0.9808358240419958,0.057218014469418016,1,0.0,0.9865344849143018,0.013465515085698154,XMEAS7-XMEAS11,single_edge_attractor
12,80,5,0.9,0.5402115319939896,0.5421380505069001,9,0.558974926458187,0.8762659265078325,0.12373407349216747,XMEAS9-XMEAS11,partial_locking
13,80,5,0.9,0.9203989707676524,0.1891440563838918,1,0.0,0.9577706815820666,0.042229318417933426,XMEAS7-XMEAS11,single_edge_attractor
14,80,5,0.9,0.9909278582845047,0.027105232511742437,1,0.0,0.9925505287660267,0.007449471233973326,XMEAS7-XMEAS11,single_edge_attractor
15,80,5,0.9,0.22297026573676454,0.9319611442533479,52,0.7829201022263591,0.6643931824042029,0.33560681759579714,XMEAS8-XMEAS9,diffuse_wandering
16,80,5,0.9,0.22119589359630562,0.94397657470076,53,0.7814171998726246,0.6732278078909526,0.3267721921090474,XMEAS8-XMEAS9,diffuse_wandering
17,80,5,0.9,0.4730475549485903,0.48886230787179885,6,0.611543417085907,0.8645568031120204,0.13544319688797957,XMEAS7-XMEAS11,partial_locking
18,80,5,0.9,0.7593759535515565,0.32957181935912905,2,0.7028939161359008,0.9435756391879061,0.0564243608120939,XMEAS7-XMEAS11,single_edge_attractor
0,80,10,0.75,0.22266986596665136,0.9304046731613795,30,0.8550904731379191,0.5448116686651463,0.4551883313348537,XMEAS8-XMEAS9,diffuse_wandering
4,80,10,0.75,0.19455494461457778,0.9434762203119867,33,0.8559163990975535,0.5457366744921266,0.4542633255078734,XMEAS8-XMEAS9,diffuse_wandering
6,80,10,0.75,0.9806697028621008,0.057055559768705334,1,0.0,0.9825259323879217,0.01747406761207826,XMEAS7-XMEAS11,single_edge_attractor
8,80,10,0.75,0.9833519745136156,0.050749736891868846,1,0.0,0.9824086232364844,0.01759137676351563,XMEAS7-XMEAS11,single_edge_attractor
12,80,10,0.75,0.5388349870294078,0.5356709131099262,3,0.7074070615008232,0.8260822702457,0.17391772975429998,XMEAS9-XMEAS11,metastable_basin
13,80,10,0.75,0.9252030711771541,0.17935838749067187,1,0.0,0.939854420529463,0.060145579470537,XMEAS7-XMEAS11,single_edge_attractor
14,80,10,0.75,0.9912205215474315,0.026372863416946602,1,0.0,0.9903719491335398,0.009628050866460236,XMEAS7-XMEAS11,single_edge_attractor
15,80,10,0.75,0.22411444841731193,0.9310693832742754,31,0.8542714114022236,0.5411761902022107,0.45882380979778925,XMEAS8-XMEAS9,diffuse_wandering
16,80,10,0.75,0.2213414312925689,0.9437048864572365,31,0.8554557749119235,0.5488500450696536,0.4511499549303464,XMEAS8-XMEAS9,diffuse_wandering
17,80,10,0.75,0.48186008728999163,0.47932589139022763,2,0.9971031033832485,0.7944217245524025,0.20557827544759755,XMEAS7-XMEAS11,metastable_basin
18,80,10,0.75,0.7697737145194686,0.3116331350070356,2,0.6732334729158923,0.9136599341581109,0.08634006584188914,XMEAS7-XMEAS11,single_edge_attractor
0,80,10,0.8,0.22266986596665136,0.9304046731613795,39,0.84829262717474,0.5448116686651463,0.4551883313348537,XMEAS8-XMEAS9,diffuse_wandering
4,80,10,0.8,0.19455494461457778,0.9434762203119867,41,0.8534015551042109,0.5457366744921266,0.4542633255078734,XMEAS8-XMEAS9,diffuse_wandering
6,80,10,0.8,0.9806697028621008,0.057055559768705334,1,0.0,0.9825259323879217,0.01747406761207826,XMEAS7-XMEAS11,single_edge_attractor
8,80,10,0.8,0.9833519745136156,0.050749736891868846,1,0.0,0.9824086232364844,0.01759137676351563,XMEAS7-XMEAS11,single_edge_attractor
12,80,10,0.8,0.5388349870294078,0.5356709131099262,5,0.6108184718509722,0.8260822702457,0.17391772975429998,XMEAS9-XMEAS11,metastable_basin
13,80,10,0.8,0.9252030711771541,0.17935838749067187,1,0.0,0.939854420529463,0.060145579470537,XMEAS7-XMEAS11,single_edge_attractor
14,80,10,0.8,0.9912205215474315,0.026372863416946602,1,0.0,0.9903719491335398,0.009628050866460236,XMEAS7-XMEAS11,single_edge_attractor
15,80,10,0.8,0.22411444841731193,0.9310693832742754,39,0.8504507159960902,0.5411761902022107,0.45882380979778925,XMEAS8-XMEAS9,diffuse_wandering
16,80,10,0.8,0.2213414312925689,0.9437048864572365,40,0.8497226876946213,0.5488500450696536,0.4511499549303464,XMEAS8-XMEAS9,diffuse_wandering
17,80,10,0.8,0.48186008728999163,0.47932589139022763,3,0.8240807723806381,0.7944217245524025,0.20557827544759755,XMEAS7-XMEAS11,metastable_basin
18,80,10,0.8,0.7697737145194686,0.3116331350070356,2,0.6732334729158923,0.9136599341581109,0.08634006584188914,XMEAS7-XMEAS11,single_edge_attractor
0,80,10,0.9,0.22266986596665136,0.9304046731613795,59,0.8438890421452007,0.5448116686651463,0.4551883313348537,XMEAS8-XMEAS9,diffuse_wandering
4,80,10,0.9,0.19455494461457778,0.9434762203119867,59,0.8530233046269239,0.5457366744921266,0.4542633255078734,XMEAS8-XMEAS9,diffuse_wandering
6,80,10,0.9,0.9806697028621008,0.057055559768705334,1,0.0,0.9825259323879217,0.01747406761207826,XMEAS7-XMEAS11,single_edge_attractor
8,80,10,0.9,0.9833519745136156,0.050749736891868846,1,0.0,0.9824086232364844,0.01759137676351563,XMEAS7-XMEAS11,single_edge_attractor
12,80,10,0.9,0.5388349870294078,0.5356709131099262,12,0.5570351088152153,0.8260822702457,0.17391772975429998,XMEAS9-XMEAS11,partial_locking
13,80,10,0.9,0.9252030711771541,0.17935838749067187,1,0.0,0.939854420529463,0.060145579470537,XMEAS7-XMEAS11,single_edge_attractor
14,80,10,0.9,0.9912205215474315,0.026372863416946602,1,0.0,0.9903719491335398,0.009628050866460236,XMEAS7-XMEAS11,single_edge_attractor
15,80,10,0.9,0.22411444841731193,0.9310693832742754,58,0.8472246938371618,0.5411761902022107,0.45882380979778925,XMEAS8-XMEAS9,diffuse_wandering
16,80,10,0.9,0.2213414312925689,0.9437048864572365,60,0.84554608249265,0.5488500450696536,0.4511499549303464,XMEAS8-XMEAS9,diffuse_wandering
17,80,10,0.9,0.48186008728999163,0.47932589139022763,8,0.5935977456045756,0.7944217245524025,0.20557827544759755,XMEAS7-XMEAS11,partial_locking
18,80,10,0.9,0.7697737145194686,0.3116331350070356,3,0.5318479372838408,0.9136599341581109,0.08634006584188914,XMEAS7-XMEAS11,metastable_basin
0,80,20,0.75,0.22442649600831754,0.9304471439611933,39,0.9107077997280102,0.40254860987934726,0.5974513901206527,XMEAS8-XMEAS9,diffuse_wandering
4,80,20,0.75,0.19262606376409902,0.9463340363852428,42,0.9211827225968541,0.3920676786170207,0.6079323213829793,XMEAS8-XMEAS9,diffuse_wandering
6,80,20,0.75,0.9830113366933185,0.05096832465259699,1,0.0,0.9768399728233846,0.02316002717661536,XMEAS7-XMEAS11,single_edge_attractor
8,80,20,0.75,0.9841116408919501,0.04901438615027063,1,0.0,0.9765753324446088,0.023424667555391188,XMEAS7-XMEAS11,single_edge_attractor
12,80,20,0.75,0.5336954790320626,0.530703695297874,4,0.7044652088483069,0.7569165936287224,0.24308340637127757,XMEAS9-XMEAS11,metastable_basin
13,80,20,0.75,0.9279459826523722,0.1734942652829896,1,0.0,0.9178413643436857,0.08215863565631432,XMEAS7-XMEAS11,single_edge_attractor
14,80,20,0.75,0.9918876605583279,0.024329362469291505,1,0.0,0.9878987201698815,0.01210127983011855,XMEAS7-XMEAS11,single_edge_attractor
15,80,20,0.75,0.22454560868035378,0.9304931463689363,39,0.9143230843442663,0.3903375222038928,0.6096624777961073,XMEAS8-XMEAS9,diffuse_wandering
16,80,20,0.75,0.2242881196433629,0.9442397946002834,41,0.9094048277738894,0.405328583018626,0.594671416981374,XMEAS8-XMEAS9,diffuse_wandering
17,80,20,0.75,0.49873641738770175,0.46632654492979414,3,0.8861747999992419,0.7030623376422039,0.29693766235779606,XMEAS7-XMEAS11,metastable_basin
18,80,20,0.75,0.7904356036182308,0.28456556458457694,2,0.6149511745126187,0.8866393420519127,0.11336065794808725,XMEAS7-XMEAS11,metastable_basin
0,80,20,0.8,0.22442649600831754,0.9304471439611933,45,0.9104229148594446,0.40254860987934726,0.5974513901206527,XMEAS8-XMEAS9,diffuse_wandering
4,80,20,0.8,0.19262606376409902,0.9463340363852428,48,0.9220618145761373,0.3920676786170207,0.6079323213829793,XMEAS8-XMEAS9,diffuse_wandering
6,80,20,0.8,0.9830113366933185,0.05096832465259699,1,0.0,0.9768399728233846,0.02316002717661536,XMEAS7-XMEAS11,single_edge_attractor
8,80,20,0.8,0.9841116408919501,0.04901438615027063,1,0.0,0.9765753324446088,0.023424667555391188,XMEAS7-XMEAS11,single_edge_attractor
12,80,20,0.8,0.5336954790320626,0.530703695297874,6,0.6301652429756046,0.7569165936287224,0.24308340637127757,XMEAS9-XMEAS11,partial_locking
13,80,20,0.8,0.9279459826523722,0.1734942652829896,1,0.0,0.9178413643436857,0.08215863565631432,XMEAS7-XMEAS11,single_edge_attractor
14,80,20,0.8,0.9918876605583279,0.024329362469291505,1,0.0,0.9878987201698815,0.01210127983011855,XMEAS7-XMEAS11,single_edge_attractor
15,80,20,0.8,0.22454560868035378,0.9304931463689363,46,0.9138863540834183,0.3903375222038928,0.6096624777961073,XMEAS8-XMEAS9,diffuse_wandering
16,80,20,0.8,0.2242881196433629,0.9442397946002834,48,0.9091759060001219,0.405328583018626,0.594671416981374,XMEAS8-XMEAS9,diffuse_wandering
17,80,20,0.8,0.49873641738770175,0.46632654492979414,4,0.8703635872975957,0.7030623376422039,0.29693766235779606,XMEAS7-XMEAS11,metastable_basin
18,80,20,0.8,0.7904356036182308,0.28456556458457694,2,0.6149511745126187,0.8866393420519127,0.11336065794808725,XMEAS7-XMEAS11,metastable_basin
0,80,20,0.9,0.22442649600831754,0.9304471439611933,62,0.9079806048036292,0.40254860987934726,0.5974513901206527,XMEAS8-XMEAS9,diffuse_wandering
4,80,20,0.9,0.19262606376409902,0.9463340363852428,64,0.9217808139598315,0.3920676786170207,0.6079323213829793,XMEAS8-XMEAS9,diffuse_wandering
6,80,20,0.9,0.9830113366933185,0.05096832465259699,1,0.0,0.9768399728233846,0.02316002717661536,XMEAS7-XMEAS11,single_edge_attractor
8,80,20,0.9,0.9841116408919501,0.04901438615027063,1,0.0,0.9765753324446088,0.023424667555391188,XMEAS7-XMEAS11,single_edge_attractor
12,80,20,0.9,0.5336954790320626,0.530703695297874,14,0.5914057782476907,0.7569165936287224,0.24308340637127757,XMEAS9-XMEAS11,partial_locking
13,80,20,0.9,0.9279459826523722,0.1734942652829896,2,0.07534395399496494,0.9178413643436857,0.08215863565631432,XMEAS7-XMEAS11,single_edge_attractor
14,80,20,0.9,0.9918876605583279,0.024329362469291505,1,0.0,0.9878987201698815,0.01210127983011855,XMEAS7-XMEAS11,single_edge_attractor
15,80,20,0.9,0.22454560868035378,0.9304931463689363,63,0.9103070581628016,0.3903375222038928,0.6096624777961073,XMEAS8-XMEAS9,diffuse_wandering
16,80,20,0.9,0.2242881196433629,0.9442397946002834,65,0.9065712703278205,0.405328583018626,0.594671416981374,XMEAS8-XMEAS9,diffuse_wandering
17,80,20,0.9,0.49873641738770175,0.46632654492979414,9,0.6267291746487267,0.7030623376422039,0.29693766235779606,XMEAS7-XMEAS11,partial_locking
18,80,20,0.9,0.7904356036182308,0.28456556458457694,3,0.530949024164494,0.8866393420519127,0.11336065794808725,XMEAS7-XMEAS11,metastable_basin
0,100,5,0.75,0.22156342975347607,0.9300267786672831,16,0.8372066057959877,0.7034016250389208,0.2965983749610792,XMEAS8-XMEAS9,partial_locking
4,100,5,0.75,0.18682262207319375,0.94516663905683,16,0.8526880000453841,0.7055684019986497,0.2944315980013503,XMEAS8-XMEAS9,partial_locking
6,100,5,0.75,0.9879174415971239,0.03790122522505543,1,0.0,0.9921670478906319,0.007832952109368074,XMEAS7-XMEAS11,single_edge_attractor
8,100,5,0.75,0.9901608439219589,0.03203391287883811,1,0.0,0.993265938738658,0.006734061261342017,XMEAS7-XMEAS11,single_edge_attractor
12,100,5,0.75,0.5856105266003993,0.4874761357518181,2,0.9196267014135968,0.9096493992819452,0.09035060071805479,XMEAS9-XMEAS11,single_edge_attractor
13,100,5,0.75,0.9492868368631289,0.13012124661287483,1,0.0,0.9760780273835193,0.023921972616480658,XMEAS7-XMEAS11,single_edge_attractor
14,100,5,0.75,0.9954272876486073,0.015015594220100806,1,0.0,0.9961916755363587,0.0038083244636413216,XMEAS7-XMEAS11,single_edge_attractor
15,100,5,0.75,0.22213471746559058,0.9343970555724049,17,0.8323110231435353,0.699925605460455,0.300074394539545,XMEAS8-XMEAS9,partial_locking
16,100,5,0.75,0.22032481339563476,0.9431862593152822,17,0.8403210516283947,0.6998499595396951,0.3001500404603049,XMEAS8-XMEAS9,partial_locking
17,100,5,0.75,0.48951276075356875,0.43334462825009573,2,0.9985673114648325,0.8932176594601772,0.10678234053982283,XMEAS7-XMEAS11,metastable_basin
18,100,5,0.75,0.7601137895215315,0.32132746957943026,2,0.71476711837931,0.9511237209720403,0.04887627902795966,XMEAS7-XMEAS11,single_edge_attractor
0,100,5,0.8,0.22156342975347607,0.9300267786672831,25,0.7935104793362184,0.7034016250389208,0.2965983749610792,XMEAS8-XMEAS9,diffuse_wandering
4,100,5,0.8,0.18682262207319375,0.94516663905683,25,0.8035646408492373,0.7055684019986497,0.2944315980013503,XMEAS8-XMEAS9,diffuse_wandering
6,100,5,0.8,0.9879174415971239,0.03790122522505543,1,0.0,0.9921670478906319,0.007832952109368074,XMEAS7-XMEAS11,single_edge_attractor
8,100,5,0.8,0.9901608439219589,0.03203391287883811,1,0.0,0.993265938738658,0.006734061261342017,XMEAS7-XMEAS11,single_edge_attractor
12,100,5,0.8,0.5856105266003993,0.4874761357518181,2,0.9196267014135968,0.9096493992819452,0.09035060071805479,XMEAS9-XMEAS11,single_edge_attractor
13,100,5,0.8,0.9492868368631289,0.13012124661287483,1,0.0,0.9760780273835193,0.023921972616480658,XMEAS7-XMEAS11,single_edge_attractor
14,100,5,0.8,0.9954272876486073,0.015015594220100806,1,0.0,0.9961916755363587,0.0038083244636413216,XMEAS7-XMEAS11,single_edge_attractor
15,100,5,0.8,0.22213471746559058,0.9343970555724049,25,0.79598378260951,0.699925605460455,0.300074394539545,XMEAS8-XMEAS9,diffuse_wandering
16,100,5,0.8,0.22032481339563476,0.9431862593152822,25,0.8029926979364505,0.6998499595396951,0.3001500404603049,XMEAS8-XMEAS9,diffuse_wandering
17,100,5,0.8,0.48951276075356875,0.43334462825009573,2,0.9985673114648325,0.8932176594601772,0.10678234053982283,XMEAS7-XMEAS11,metastable_basin
18,100,5,0.8,0.7601137895215315,0.32132746957943026,2,0.71476711837931,0.9511237209720403,0.04887627902795966,XMEAS7-XMEAS11,single_edge_attractor
0,100,5,0.9,0.22156342975347607,0.9300267786672831,48,0.7628908543641647,0.7034016250389208,0.2965983749610792,XMEAS8-XMEAS9,diffuse_wandering
4,100,5,0.9,0.18682262207319375,0.94516663905683,49,0.7722672257053934,0.7055684019986497,0.2944315980013503,XMEAS8-XMEAS9,diffuse_wandering
6,100,5,0.9,0.9879174415971239,0.03790122522505543,1,0.0,0.9921670478906319,0.007832952109368074,XMEAS7-XMEAS11,single_edge_attractor
8,100,5,0.9,0.9901608439219589,0.03203391287883811,1,0.0,0.993265938738658,0.006734061261342017,XMEAS7-XMEAS11,single_edge_attractor
12,100,5,0.9,0.5856105266003993,0.4874761357518181,6,0.5463745114415904,0.9096493992819452,0.09035060071805479,XMEAS9-XMEAS11,partial_locking
13,100,5,0.9,0.9492868368631289,0.13012124661287483,1,0.0,0.9760780273835193,0.023921972616480658,XMEAS7-XMEAS11,single_edge_attractor
14,100,5,0.9,0.9954272876486073,0.015015594220100806,1,0.0,0.9961916755363587,0.0038083244636413216,XMEAS7-XMEAS11,single_edge_attractor
15,100,5,0.9,0.22213471746559058,0.9343970555724049,50,0.76262753269852,0.699925605460455,0.300074394539545,XMEAS8-XMEAS9,diffuse_wandering
16,100,5,0.9,0.22032481339563476,0.9431862593152822,50,0.768111557846542,0.6998499595396951,0.3001500404603049,XMEAS8-XMEAS9,diffuse_wandering
17,100,5,0.9,0.48951276075356875,0.43334462825009573,4,0.6928846381546048,0.8932176594601772,0.10678234053982283,XMEAS7-XMEAS11,metastable_basin
18,100,5,0.9,0.7601137895215315,0.32132746957943026,2,0.71476711837931,0.9511237209720403,0.04887627902795966,XMEAS7-XMEAS11,single_edge_attractor
0,100,10,0.75,0.22214633798609734,0.9286552466401417,27,0.8382511599988955,0.5888759989557772,0.41112400104422275,XMEAS8-XMEAS9,diffuse_wandering
4,100,10,0.75,0.18709588660718054,0.9448795398987243,28,0.8417795496515849,0.5965052239832224,0.40349477601677763,XMEAS8-XMEAS9,diffuse_wandering
6,100,10,0.75,0.9886874662356775,0.03551155861218939,1,0.0,0.9898867969269824,0.010113203073017552,XMEAS7-XMEAS11,single_edge_attractor
8,100,10,0.75,0.9921801612100986,0.0262011470159963,1,0.0,0.9920403594526731,0.007959640547326896,XMEAS7-XMEAS11,single_edge_attractor
12,100,10,0.75,0.5874043130329226,0.4814622498364506,2,0.9193476387919328,0.8667234097269658,0.13327659027303418,XMEAS9-XMEAS11,metastable_basin
13,100,10,0.75,0.9539953400630262,0.11986741302109707,1,0.0,0.9670295892777006,0.03297041072229945,XMEAS7-XMEAS11,single_edge_attractor
14,100,10,0.75,0.996667879206885,0.011063519078549137,1,0.0,0.9962774973421005,0.003722502657899529,XMEAS7-XMEAS11,single_edge_attractor
15,100,10,0.75,0.22371627615935605,0.9329815136164384,28,0.8396713179127445,0.5812672734801793,0.41873272651982074,XMEAS8-XMEAS9,diffuse_wandering
16,100,10,0.75,0.22106361435668784,0.9424771001827724,28,0.8402538760923123,0.5896043422933895,0.41039565770661046,XMEAS8-XMEAS9,diffuse_wandering
17,100,10,0.75,0.49842391500101135,0.42442163821201856,2,0.997153054329675,0.8362933547895487,0.1637066452104513,XMEAS7-XMEAS11,metastable_basin
18,100,10,0.75,0.7710200032997065,0.29844840591935423,2,0.6918677272473542,0.926002632377092,0.07399736762290798,XMEAS7-XMEAS11,single_edge_attractor
0,100,10,0.8,0.22214633798609734,0.9286552466401417,35,0.8317665965805209,0.5888759989557772,0.41112400104422275,XMEAS8-XMEAS9,diffuse_wandering
4,100,10,0.8,0.18709588660718054,0.9448795398987243,36,0.8346997941481693,0.5965052239832224,0.40349477601677763,XMEAS8-XMEAS9,diffuse_wandering
6,100,10,0.8,0.9886874662356775,0.03551155861218939,1,0.0,0.9898867969269824,0.010113203073017552,XMEAS7-XMEAS11,single_edge_attractor
8,100,10,0.8,0.9921801612100986,0.0262011470159963,1,0.0,0.9920403594526731,0.007959640547326896,XMEAS7-XMEAS11,single_edge_attractor
12,100,10,0.8,0.5874043130329226,0.4814622498364506,2,0.9193476387919328,0.8667234097269658,0.13327659027303418,XMEAS9-XMEAS11,metastable_basin
13,100,10,0.8,0.9539953400630262,0.11986741302109707,1,0.0,0.9670295892777006,0.03297041072229945,XMEAS7-XMEAS11,single_edge_attractor
14,100,10,0.8,0.996667879206885,0.011063519078549137,1,0.0,0.9962774973421005,0.003722502657899529,XMEAS7-XMEAS11,single_edge_attractor
15,100,10,0.8,0.22371627615935605,0.9329815136164384,36,0.8321380536775372,0.5812672734801793,0.41873272651982074,XMEAS8-XMEAS9,diffuse_wandering
16,100,10,0.8,0.22106361435668784,0.9424771001827724,37,0.8311367694857268,0.5896043422933895,0.41039565770661046,XMEAS8-XMEAS9,diffuse_wandering
17,100,10,0.8,0.49842391500101135,0.42442163821201856,2,0.997153054329675,0.8362933547895487,0.1637066452104513,XMEAS7-XMEAS11,metastable_basin
18,100,10,0.8,0.7710200032997065,0.29844840591935423,2,0.6918677272473542,0.926002632377092,0.07399736762290798,XMEAS7-XMEAS11,single_edge_attractor
0,100,10,0.9,0.22214633798609734,0.9286552466401417,55,0.8250738216359459,0.5888759989557772,0.41112400104422275,XMEAS8-XMEAS9,diffuse_wandering
4,100,10,0.9,0.18709588660718054,0.9448795398987243,56,0.8302944483459033,0.5965052239832224,0.40349477601677763,XMEAS8-XMEAS9,diffuse_wandering
6,100,10,0.9,0.9886874662356775,0.03551155861218939,1,0.0,0.9898867969269824,0.010113203073017552,XMEAS7-XMEAS11,single_edge_attractor
8,100,10,0.9,0.9921801612100986,0.0262011470159963,1,0.0,0.9920403594526731,0.007959640547326896,XMEAS7-XMEAS11,single_edge_attractor
12,100,10,0.9,0.5874043130329226,0.4814622498364506,8,0.5305655352177395,0.8667234097269658,0.13327659027303418,XMEAS9-XMEAS11,partial_locking
13,100,10,0.9,0.9539953400630262,0.11986741302109707,1,0.0,0.9670295892777006,0.03297041072229945,XMEAS7-XMEAS11,single_edge_attractor
14,100,10,0.9,0.996667879206885,0.011063519078549137,1,0.0,0.9962774973421005,0.003722502657899529,XMEAS7-XMEAS11,single_edge_attractor
15,100,10,0.9,0.22371627615935605,0.9329815136164384,57,0.8264573084262353,0.5812672734801793,0.41873272651982074,XMEAS8-XMEAS9,diffuse_wandering
16,100,10,0.9,0.22106361435668784,0.9424771001827724,58,0.8247061548230521,0.5896043422933895,0.41039565770661046,XMEAS8-XMEAS9,diffuse_wandering
17,100,10,0.9,0.49842391500101135,0.42442163821201856,4,0.7660700391200157,0.8362933547895487,0.1637066452104513,XMEAS7-XMEAS11,metastable_basin
18,100,10,0.9,0.7710200032997065,0.29844840591935423,2,0.6918677272473542,0.926002632377092,0.07399736762290798,XMEAS7-XMEAS11,single_edge_attractor
0,100,20,0.75,0.22016237967078423,0.9287262732163416,36,0.8932352278260265,0.44813927623513916,0.5518607237648608,XMEAS8-XMEAS9,diffuse_wandering
4,100,20,0.75,0.18743067974745997,0.9429174154626132,39,0.8995236074562103,0.44923176826724864,0.5507682317327514,XMEAS8-XMEAS9,diffuse_wandering
6,100,20,0.75,0.9904319506295697,0.030191985828101953,1,0.0,0.9879897072694329,0.012010292730567085,XMEAS7-XMEAS11,single_edge_attractor
8,100,20,0.75,0.992814619004513,0.023910328645927573,1,0.0,0.9899516854501764,0.010048314549823578,XMEAS7-XMEAS11,single_edge_attractor
12,100,20,0.75,0.5803463192003306,0.47813889970993373,2,0.9271902659051268,0.8104859465918274,0.18951405340817262,XMEAS9-XMEAS11,metastable_basin
13,100,20,0.75,0.9558739869381525,0.11563996074241145,1,0.0,0.952147338840397,0.04785266115960296,XMEAS7-XMEAS11,single_edge_attractor
14,100,20,0.75,0.9972626890600353,0.00903260388757107,1,0.0,0.9962651943954719,0.003734805604528102,XMEAS7-XMEAS11,single_edge_attractor
15,100,20,0.75,0.22290713207117122,0.9336032103766045,37,0.8942970365387397,0.44673685093419646,0.5532631490658035,XMEAS8-XMEAS9,diffuse_wandering
16,100,20,0.75,0.2197074313417552,0.944100079677397,38,0.8917908683606749,0.4506724393659418,0.5493275606340582,XMEAS8-XMEAS9,diffuse_wandering
17,100,20,0.75,0.5109033125152578,0.4118230679641817,3,0.8688763845230477,0.7597858095378427,0.2402141904621573,XMEAS7-XMEAS11,metastable_basin
18,100,20,0.75,0.7937166720883468,0.2716992576967708,2,0.6271059636066862,0.896814858458994,0.103185141541006,XMEAS7-XMEAS11,metastable_basin
0,100,20,0.8,0.22016237967078423,0.9287262732163416,43,0.8932984651526978,0.44813927623513916,0.5518607237648608,XMEAS8-XMEAS9,diffuse_wandering
4,100,20,0.8,0.18743067974745997,0.9429174154626132,45,0.9000410727462659,0.44923176826724864,0.5507682317327514,XMEAS8-XMEAS9,diffuse_wandering
6,100,20,0.8,0.9904319506295697,0.030191985828101953,1,0.0,0.9879897072694329,0.012010292730567085,XMEAS7-XMEAS11,single_edge_attractor
8,100,20,0.8,0.992814619004513,0.023910328645927573,1,0.0,0.9899516854501764,0.010048314549823578,XMEAS7-XMEAS11,single_edge_attractor
12,100,20,0.8,0.5803463192003306,0.47813889970993373,3,0.7203772298405837,0.8104859465918274,0.18951405340817262,XMEAS9-XMEAS11,metastable_basin
13,100,20,0.8,0.9558739869381525,0.11563996074241145,1,0.0,0.952147338840397,0.04785266115960296,XMEAS7-XMEAS11,single_edge_attractor
14,100,20,0.8,0.9972626890600353,0.00903260388757107,1,0.0,0.9962651943954719,0.003734805604528102,XMEAS7-XMEAS11,single_edge_attractor
15,100,20,0.8,0.22290713207117122,0.9336032103766045,44,0.8926862212244492,0.44673685093419646,0.5532631490658035,XMEAS8-XMEAS9,diffuse_wandering
16,100,20,0.8,0.2197074313417552,0.944100079677397,46,0.8916553843243894,0.4506724393659418,0.5493275606340582,XMEAS8-XMEAS9,diffuse_wandering
17,100,20,0.8,0.5109033125152578,0.4118230679641817,3,0.8688763845230477,0.7597858095378427,0.2402141904621573,XMEAS7-XMEAS11,metastable_basin
18,100,20,0.8,0.7937166720883468,0.2716992576967708,2,0.6271059636066862,0.896814858458994,0.103185141541006,XMEAS7-XMEAS11,metastable_basin
0,100,20,0.9,0.22016237967078423,0.9287262732163416,60,0.8914931610844059,0.44813927623513916,0.5518607237648608,XMEAS8-XMEAS9,diffuse_wandering
4,100,20,0.9,0.18743067974745997,0.9429174154626132,61,0.9017945237058059,0.44923176826724864,0.5507682317327514,XMEAS8-XMEAS9,diffuse_wandering
6,100,20,0.9,0.9904319506295697,0.030191985828101953,1,0.0,0.9879897072694329,0.012010292730567085,XMEAS7-XMEAS11,single_edge_attractor
8,100,20,0.9,0.992814619004513,0.023910328645927573,1,0.0,0.9899516854501764,0.010048314549823578,XMEAS7-XMEAS11,single_edge_attractor
12,100,20,0.9,0.5803463192003306,0.47813889970993373,10,0.5495458741063439,0.8104859465918274,0.18951405340817262,XMEAS9-XMEAS11,partial_locking
13,100,20,0.9,0.9558739869381525,0.11563996074241145,1,0.0,0.952147338840397,0.04785266115960296,XMEAS7-XMEAS11,single_edge_attractor
14,100,20,0.9,0.9972626890600353,0.00903260388757107,1,0.0,0.9962651943954719,0.003734805604528102,XMEAS7-XMEAS11,single_edge_attractor
15,100,20,0.9,0.22290713207117122,0.9336032103766045,62,0.8898730480218159,0.44673685093419646,0.5532631490658035,XMEAS8-XMEAS9,diffuse_wandering
16,100,20,0.9,0.2197074313417552,0.944100079677397,64,0.888779653405591,0.4506724393659418,0.5493275606340582,XMEAS8-XMEAS9,diffuse_wandering
17,100,20,0.9,0.5109033125152578,0.4118230679641817,4,0.8477727075307462,0.7597858095378427,0.2402141904621573,XMEAS7-XMEAS11,metastable_basin
18,100,20,0.9,0.7937166720883468,0.2716992576967708,3,0.5371684306497391,0.896814858458994,0.103185141541006,XMEAS7-XMEAS11,metastable_basin
0,150,5,0.75,0.22344456058738232,0.9291591545699304,10,0.9150557781129861,0.7499044790008591,0.2500955209991409,XMEAS8-XMEAS9,partial_locking
4,150,5,0.75,0.19095827019403153,0.9440829522230614,9,0.9666165185585763,0.7608697359318656,0.23913026406813442,XMEAS8-XMEAS9,partial_locking
6,150,5,0.75,0.9973657885961988,0.009984509029329812,1,0.0,0.997132377459153,0.002867622540847048,XMEAS7-XMEAS11,single_edge_attractor
8,150,5,0.75,0.995558165786071,0.015542369766882738,1,0.0,0.9972756284263372,0.002724371573662787,XMEAS7-XMEAS11,single_edge_attractor
12,150,5,0.75,0.6560131159312999,0.40911297676456726,2,0.8652397292201887,0.9421070046244349,0.05789299537556514,XMEAS9-XMEAS11,single_edge_attractor
13,150,5,0.75,0.9798642212418395,0.059552985120767794,1,0.0,0.9917648823233227,0.008235117676677284,XMEAS7-XMEAS11,single_edge_attractor
14,150,5,0.75,0.9973128584019355,0.009809265523656498,1,0.0,0.9981061376648775,0.0018938623351224537,XMEAS7-XMEAS11,single_edge_attractor
15,150,5,0.75,0.22193379907084418,0.940740338239711,10,0.9265635709301336,0.751097843975588,0.248902156024412,XMEAS8-XMEAS9,partial_locking
16,150,5,0.75,0.21867545182392176,0.9443366118567801,10,0.9320610848300332,0.7502642037687511,0.24973579623124886,XMEAS8-XMEAS9,partial_locking
17,150,5,0.75,0.5122025691164748,0.36867235576678353,2,0.9976911780354412,0.9270299526991371,0.07297004730086287,XMEAS7-XMEAS11,single_edge_attractor
18,150,5,0.75,0.7479022600890628,0.32160714038199745,2,0.7504521102422911,0.9592995392040484,0.040700460795951576,XMEAS7-XMEAS11,single_edge_attractor
0,150,5,0.8,0.22344456058738232,0.9291591545699304,18,0.8114290403219627,0.7499044790008591,0.2500955209991409,XMEAS8-XMEAS9,partial_locking
4,150,5,0.8,0.19095827019403153,0.9440829522230614,18,0.8158707040934075,0.7608697359318656,0.23913026406813442,XMEAS8-XMEAS9,partial_locking
6,150,5,0.8,0.9973657885961988,0.009984509029329812,1,0.0,0.997132377459153,0.002867622540847048,XMEAS7-XMEAS11,single_edge_attractor
8,150,5,0.8,0.995558165786071,0.015542369766882738,1,0.0,0.9972756284263372,0.002724371573662787,XMEAS7-XMEAS11,single_edge_attractor
12,150,5,0.8,0.6560131159312999,0.40911297676456726,2,0.8652397292201887,0.9421070046244349,0.05789299537556514,XMEAS9-XMEAS11,single_edge_attractor
13,150,5,0.8,0.9798642212418395,0.059552985120767794,1,0.0,0.9917648823233227,0.008235117676677284,XMEAS7-XMEAS11,single_edge_attractor
14,150,5,0.8,0.9973128584019355,0.009809265523656498,1,0.0,0.9981061376648775,0.0018938623351224537,XMEAS7-XMEAS11,single_edge_attractor
15,150,5,0.8,0.22193379907084418,0.940740338239711,18,0.8185851513091094,0.751097843975588,0.248902156024412,XMEAS8-XMEAS9,partial_locking
16,150,5,0.8,0.21867545182392176,0.9443366118567801,18,0.8217350679635843,0.7502642037687511,0.24973579623124886,XMEAS8-XMEAS9,partial_locking
17,150,5,0.8,0.5122025691164748,0.36867235576678353,2,0.9976911780354412,0.9270299526991371,0.07297004730086287,XMEAS7-XMEAS11,single_edge_attractor
18,150,5,0.8,0.7479022600890628,0.32160714038199745,2,0.7504521102422911,0.9592995392040484,0.040700460795951576,XMEAS7-XMEAS11,single_edge_attractor
0,150,5,0.9,0.22344456058738232,0.9291591545699304,43,0.7414322567194039,0.7499044790008591,0.2500955209991409,XMEAS8-XMEAS9,diffuse_wandering
4,150,5,0.9,0.19095827019403153,0.9440829522230614,43,0.7436600602242328,0.7608697359318656,0.23913026406813442,XMEAS8-XMEAS9,diffuse_wandering
6,150,5,0.9,0.9973657885961988,0.009984509029329812,1,0.0,0.997132377459153,0.002867622540847048,XMEAS7-XMEAS11,single_edge_attractor
8,150,5,0.9,0.995558165786071,0.015542369766882738,1,0.0,0.9972756284263372,0.002724371573662787,XMEAS7-XMEAS11,single_edge_attractor
12,150,5,0.9,0.6560131159312999,0.40911297676456726,3,0.6212751782650344,0.9421070046244349,0.05789299537556514,XMEAS9-XMEAS11,metastable_basin
13,150,5,0.9,0.9798642212418395,0.059552985120767794,1,0.0,0.9917648823233227,0.008235117676677284,XMEAS7-XMEAS11,single_edge_attractor
14,150,5,0.9,0.9973128584019355,0.009809265523656498,1,0.0,0.9981061376648775,0.0018938623351224537,XMEAS7-XMEAS11,single_edge_attractor
15,150,5,0.9,0.22193379907084418,0.940740338239711,45,0.739860210216342,0.751097843975588,0.248902156024412,XMEAS8-XMEAS9,diffuse_wandering
16,150,5,0.9,0.21867545182392176,0.9443366118567801,44,0.7461346631817073,0.7502642037687511,0.24973579623124886,XMEAS8-XMEAS9,diffuse_wandering
17,150,5,0.9,0.5122025691164748,0.36867235576678353,2,0.9976911780354412,0.9270299526991371,0.07297004730086287,XMEAS7-XMEAS11,single_edge_attractor
18,150,5,0.9,0.7479022600890628,0.32160714038199745,2,0.7504521102422911,0.9592995392040484,0.040700460795951576,XMEAS7-XMEAS11,single_edge_attractor
0,150,10,0.75,0.22367459861220879,0.9286710304725524,21,0.826697373888037,0.6529765859068485,0.3470234140931515,XMEAS8-XMEAS9,diffuse_wandering
4,150,10,0.75,0.18983190172026973,0.9441718538765834,22,0.8276165926536893,0.6606829405489865,0.33931705945101354,XMEAS8-XMEAS9,diffuse_wandering
6,150,10,0.75,0.9985257121216216,0.00559463953155504,1,0.0,0.9981064192387805,0.0018935807612194822,XMEAS7-XMEAS11,single_edge_attractor
8,150,10,0.75,0.9971374867869557,0.010568659888956746,1,0.0,0.9973192200143128,0.002680779985687165,XMEAS7-XMEAS11,single_edge_attractor
12,150,10,0.75,0.6571381596602807,0.3995409801568127,2,0.8661329572033558,0.9158206055387281,0.08417939446127187,XMEAS9-XMEAS11,single_edge_attractor
13,150,10,0.75,0.9827274645931026,0.05241548224419815,1,0.0,0.9887331342775323,0.011266865722467712,XMEAS7-XMEAS11,single_edge_attractor
14,150,10,0.75,0.9985883945088155,0.005388196332602645,1,0.0,0.998556685002385,0.001443314997614964,XMEAS7-XMEAS11,single_edge_attractor
15,150,10,0.75,0.22072550488465004,0.9406015033711874,22,0.8257060168928122,0.6550422703282999,0.34495772967170013,XMEAS8-XMEAS9,diffuse_wandering
16,150,10,0.75,0.2183603922259035,0.944616828893597,22,0.8300957976774094,0.6535913677830898,0.3464086322169102,XMEAS8-XMEAS9,diffuse_wandering
17,150,10,0.75,0.5235365868356399,0.35356651697008085,2,0.9958099455653178,0.8901241949442729,0.10987580505572714,XMEAS7-XMEAS11,metastable_basin
18,150,10,0.75,0.7599071242271066,0.2986460399946106,2,0.7304304763999212,0.9387857939231109,0.0612142060768891,XMEAS7-XMEAS11,single_edge_attractor
0,150,10,0.8,0.22367459861220879,0.9286710304725524,30,0.8053334415961704,0.6529765859068485,0.3470234140931515,XMEAS8-XMEAS9,diffuse_wandering
4,150,10,0.8,0.18983190172026973,0.9441718538765834,30,0.8101363727342114,0.6606829405489865,0.33931705945101354,XMEAS8-XMEAS9,diffuse_wandering
6,150,10,0.8,0.9985257121216216,0.00559463953155504,1,0.0,0.9981064192387805,0.0018935807612194822,XMEAS7-XMEAS11,single_edge_attractor
8,150,10,0.8,0.9971374867869557,0.010568659888956746,1,0.0,0.9973192200143128,0.002680779985687165,XMEAS7-XMEAS11,single_edge_attractor
12,150,10,0.8,0.6571381596602807,0.3995409801568127,2,0.8661329572033558,0.9158206055387281,0.08417939446127187,XMEAS9-XMEAS11,single_edge_attractor
13,150,10,0.8,0.9827274645931026,0.05241548224419815,1,0.0,0.9887331342775323,0.011266865722467712,XMEAS7-XMEAS11,single_edge_attractor
14,150,10,0.8,0.9985883945088155,0.005388196332602645,1,0.0,0.998556685002385,0.001443314997614964,XMEAS7-XMEAS11,single_edge_attractor
15,150,10,0.8,0.22072550488465004,0.9406015033711874,30,0.8089677671613948,0.6550422703282999,0.34495772967170013,XMEAS8-XMEAS9,diffuse_wandering
16,150,10,0.8,0.2183603922259035,0.944616828893597,31,0.810081761716219,0.6535913677830898,0.3464086322169102,XMEAS8-XMEAS9,diffuse_wandering
17,150,10,0.8,0.5235365868356399,0.35356651697008085,2,0.9958099455653178,0.8901241949442729,0.10987580505572714,XMEAS7-XMEAS11,metastable_basin
18,150,10,0.8,0.7599071242271066,0.2986460399946106,2,0.7304304763999212,0.9387857939231109,0.0612142060768891,XMEAS7-XMEAS11,single_edge_attractor
0,150,10,0.9,0.22367459861220879,0.9286710304725524,51,0.7908272134506587,0.6529765859068485,0.3470234140931515,XMEAS8-XMEAS9,diffuse_wandering
4,150,10,0.9,0.18983190172026973,0.9441718538765834,52,0.796744524397349,0.6606829405489865,0.33931705945101354,XMEAS8-XMEAS9,diffuse_wandering
6,150,10,0.9,0.9985257121216216,0.00559463953155504,1,0.0,0.9981064192387805,0.0018935807612194822,XMEAS7-XMEAS11,single_edge_attractor
8,150,10,0.9,0.9971374867869557,0.010568659888956746,1,0.0,0.9973192200143128,0.002680779985687165,XMEAS7-XMEAS11,single_edge_attractor
12,150,10,0.9,0.6571381596602807,0.3995409801568127,4,0.5584098243527319,0.9158206055387281,0.08417939446127187,XMEAS9-XMEAS11,metastable_basin
13,150,10,0.9,0.9827274645931026,0.05241548224419815,1,0.0,0.9887331342775323,0.011266865722467712,XMEAS7-XMEAS11,single_edge_attractor
14,150,10,0.9,0.9985883945088155,0.005388196332602645,1,0.0,0.998556685002385,0.001443314997614964,XMEAS7-XMEAS11,single_edge_attractor
15,150,10,0.9,0.22072550488465004,0.9406015033711874,54,0.787807422025505,0.6550422703282999,0.34495772967170013,XMEAS8-XMEAS9,diffuse_wandering
16,150,10,0.9,0.2183603922259035,0.944616828893597,53,0.7945366520311641,0.6535913677830898,0.3464086322169102,XMEAS8-XMEAS9,diffuse_wandering
17,150,10,0.9,0.5235365868356399,0.35356651697008085,3,0.780227792833924,0.8901241949442729,0.10987580505572714,XMEAS7-XMEAS11,metastable_basin
18,150,10,0.9,0.7599071242271066,0.2986460399946106,2,0.7304304763999212,0.9387857939231109,0.0612142060768891,XMEAS7-XMEAS11,single_edge_attractor
0,150,20,0.75,0.2211061228959183,0.9275238300531417,31,0.8604921688235809,0.5293497700179134,0.4706502299820866,XMEAS8-XMEAS9,diffuse_wandering
4,150,20,0.75,0.18797251564201614,0.9434348431729864,33,0.8638180407760767,0.5383631539846763,0.46163684601532373,XMEAS8-XMEAS9,diffuse_wandering
6,150,20,0.75,0.9989176024895138,0.004300719134880436,1,0.0,0.998376403734271,0.0016235962657290548,XMEAS7-XMEAS11,single_edge_attractor
8,150,20,0.75,0.9981592703801393,0.007100059752834763,1,0.0,0.9975703103874828,0.0024296896125172163,XMEAS7-XMEAS11,single_edge_attractor
12,150,20,0.75,0.6588487361838946,0.3928259578966629,2,0.8612418565499933,0.8788575198605979,0.1211424801394021,XMEAS9-XMEAS11,metastable_basin
13,150,20,0.75,0.9857834124345025,0.0446500086871112,1,0.0,0.9855826191617483,0.014417380838251725,XMEAS7-XMEAS11,single_edge_attractor
14,150,20,0.75,0.9994286747683883,0.002245471669869972,1,0.0,0.9991794510059372,0.0008205489940628086,XMEAS7-XMEAS11,single_edge_attractor
15,150,20,0.75,0.2199704467339133,0.9412169045968263,32,0.8616244489049659,0.5316706948556825,0.4683293051443175,XMEAS8-XMEAS9,diffuse_wandering
16,150,20,0.75,0.2173725628434362,0.9448026928750631,33,0.8654532531450371,0.5235710830603306,0.4764289169396694,XMEAS8-XMEAS9,diffuse_wandering
17,150,20,0.75,0.5292481557146863,0.34430221968297586,2,0.9941664169559704,0.8355913035604633,0.1644086964395367,XMEAS7-XMEAS11,metastable_basin
18,150,20,0.75,0.7893118861368824,0.2700860398541689,1,0.0,0.9164339071156228,0.08356609288437722,XMEAS7-XMEAS11,single_edge_attractor
0,150,20,0.8,0.2211061228959183,0.9275238300531417,39,0.8585518563151473,0.5293497700179134,0.4706502299820866,XMEAS8-XMEAS9,diffuse_wandering
4,150,20,0.8,0.18797251564201614,0.9434348431729864,40,0.8620143706190591,0.5383631539846763,0.46163684601532373,XMEAS8-XMEAS9,diffuse_wandering
6,150,20,0.8,0.9989176024895138,0.004300719134880436,1,0.0,0.998376403734271,0.0016235962657290548,XMEAS7-XMEAS11,single_edge_attractor
8,150,20,0.8,0.9981592703801393,0.007100059752834763,1,0.0,0.9975703103874828,0.0024296896125172163,XMEAS7-XMEAS11,single_edge_attractor
12,150,20,0.8,0.6588487361838946,0.3928259578966629,2,0.8612418565499933,0.8788575198605979,0.1211424801394021,XMEAS9-XMEAS11,metastable_basin
13,150,20,0.8,0.9857834124345025,0.0446500086871112,1,0.0,0.9855826191617483,0.014417380838251725,XMEAS7-XMEAS11,single_edge_attractor
14,150,20,0.8,0.9994286747683883,0.002245471669869972,1,0.0,0.9991794510059372,0.0008205489940628086,XMEAS7-XMEAS11,single_edge_attractor
15,150,20,0.8,0.2199704467339133,0.9412169045968263,40,0.8576682624564839,0.5316706948556825,0.4683293051443175,XMEAS8-XMEAS9,diffuse_wandering
16,150,20,0.8,0.2173725628434362,0.9448026928750631,41,0.8625888562652355,0.5235710830603306,0.4764289169396694,XMEAS8-XMEAS9,diffuse_wandering
17,150,20,0.8,0.5292481557146863,0.34430221968297586,2,0.9941664169559704,0.8355913035604633,0.1644086964395367,XMEAS7-XMEAS11,metastable_basin
18,150,20,0.8,0.7893118861368824,0.2700860398541689,2,0.6588754647749161,0.9164339071156228,0.08356609288437722,XMEAS7-XMEAS11,single_edge_attractor
0,150,20,0.9,0.2211061228959183,0.9275238300531417,57,0.8553040177843457,0.5293497700179134,0.4706502299820866,XMEAS8-XMEAS9,diffuse_wandering
4,150,20,0.9,0.18797251564201614,0.9434348431729864,57,0.8621126787675488,0.5383631539846763,0.46163684601532373,XMEAS8-XMEAS9,diffuse_wandering
6,150,20,0.9,0.9989176024895138,0.004300719134880436,1,0.0,0.998376403734271,0.0016235962657290548,XMEAS7-XMEAS11,single_edge_attractor
8,150,20,0.9,0.9981592703801393,0.007100059752834763,1,0.0,0.9975703103874828,0.0024296896125172163,XMEAS7-XMEAS11,single_edge_attractor
12,150,20,0.9,0.6588487361838946,0.3928259578966629,4,0.6125087689998184,0.8788575198605979,0.1211424801394021,XMEAS9-XMEAS11,metastable_basin
13,150,20,0.9,0.9857834124345025,0.0446500086871112,1,0.0,0.9855826191617483,0.014417380838251725,XMEAS7-XMEAS11,single_edge_attractor
14,150,20,0.9,0.9994286747683883,0.002245471669869972,1,0.0,0.9991794510059372,0.0008205489940628086,XMEAS7-XMEAS11,single_edge_attractor
15,150,20,0.9,0.2199704467339133,0.9412169045968263,61,0.851864663773825,0.5316706948556825,0.4683293051443175,XMEAS8-XMEAS9,diffuse_wandering
16,150,20,0.9,0.2173725628434362,0.9448026928750631,61,0.8585969969332033,0.5235710830603306,0.4764289169396694,XMEAS8-XMEAS9,diffuse_wandering
17,150,20,0.9,0.5292481557146863,0.34430221968297586,3,0.832980713721549,0.8355913035604633,0.1644086964395367,XMEAS7-XMEAS11,metastable_basin
18,150,20,0.9,0.7893118861368824,0.2700860398541689,2,0.6588754647749161,0.9164339071156228,0.08356609288437722,XMEAS7-XMEAS11,single_edge_attractor
