run_id,attack_size,n_target_windows,effective_replace,exhausted_fraction,trigger_sample,delay,status
1,10,4,4,1.0,350,190,triggered
1,20,4,4,1.0,350,190,triggered
1,30,4,4,1.0,350,190,triggered
1,40,4,4,1.0,350,190,triggered
1,50,4,4,1.0,350,190,triggered
1,all_pre_trigger,4,4,1.0,350,190,triggered
2,10,4,4,1.0,290,130,triggered
2,20,4,4,1.0,290,130,triggered
2,30,4,4,1.0,290,130,triggered
2,40,4,4,1.0,290,130,triggered
2,50,4,4,1.0,290,130,triggered
2,all_pre_trigger,4,4,1.0,290,130,triggered
3,10,4,4,1.0,290,130,triggered
3,20,4,4,1.0,290,130,triggered
3,30,4,4,1.0,290,130,triggered
3,40,4,4,1.0,290,130,triggered
3,50,4,4,1.0,290,130,triggered
3,all_pre_trigger,4,4,1.0,290,130,triggered
4,10,4,4,1.0,310,150,triggered
4,20,4,4,1.0,310,150,triggered
4,30,4,4,1.0,310,150,triggered
4,40,4,4,1.0,310,150,triggered
4,50,4,4,1.0,310,150,triggered
4,all_pre_trigger,4,4,1.0,310,150,triggered
5,10,4,4,1.0,350,190,triggered
5,20,4,4,1.0,350,190,triggered
5,30,4,4,1.0,350,190,triggered
5,40,4,4,1.0,350,190,triggered
5,50,4,4,1.0,350,190,triggered
5,all_pre_trigger,4,4,1.0,350,190,triggered
6,10,8,8,1.0,370,210,triggered
6,20,8,8,1.0,370,210,triggered
6,30,8,8,1.0,370,210,triggered
6,40,8,8,1.0,370,210,triggered
6,50,8,8,1.0,370,210,triggered
6,all_pre_trigger,8,8,1.0,370,210,triggered
7,10,4,4,1.0,320,160,triggered
7,20,4,4,1.0,320,160,triggered
7,30,4,4,1.0,320,160,triggered
7,40,4,4,1.0,320,160,triggered
7,50,4,4,1.0,320,160,triggered
7,all_pre_trigger,4,4,1.0,320,160,triggered
8,10,0,0,0.0,250,90,no_replacement
8,20,0,0,0.0,250,90,no_replacement
8,30,0,0,0.0,250,90,no_replacement
8,40,0,0,0.0,250,90,no_replacement
8,50,0,0,0.0,250,90,no_replacement
8,all_pre_trigger,0,0,0.0,250,90,no_replacement
9,10,4,4,1.0,310,150,triggered
9,20,4,4,1.0,310,150,triggered
9,30,4,4,1.0,310,150,triggered
9,40,4,4,1.0,310,150,triggered
9,50,4,4,1.0,310,150,triggered
9,all_pre_trigger,4,4,1.0,310,150,triggered
10,10,4,4,1.0,290,130,triggered
10,20,4,4,1.0,290,130,triggered
10,30,4,4,1.0,290,130,triggered
10,40,4,4,1.0,290,130,triggered
10,50,4,4,1.0,290,130,triggered
10,all_pre_trigger,4,4,1.0,290,130,triggered
11,10,4,4,1.0,310,150,triggered
11,20,4,4,1.0,310,150,triggered
11,30,4,4,1.0,310,150,triggered
11,40,4,4,1.0,310,150,triggered
11,50,4,4,1.0,310,150,triggered
11,all_pre_trigger,4,4,1.0,310,150,triggered
12,10,4,4,1.0,350,190,triggered
12,20,4,4,1.0,350,190,triggered
12,30,4,4,1.0,350,190,triggered
12,40,4,4,1.0,350,190,triggered
12,50,4,4,1.0,350,190,triggered
12,all_pre_trigger,4,4,1.0,350,190,triggered
13,10,5,5,1.0,350,190,triggered
13,20,5,5,1.0,350,190,triggered
13,30,5,5,1.0,350,190,triggered
13,40,5,5,1.0,350,190,triggered
13,50,5,5,1.0,350,190,triggered
13,all_pre_trigger,5,5,1.0,350,190,triggered
14,10,4,4,1.0,360,200,triggered
14,20,4,4,1.0,360,200,triggered
14,30,4,4,1.0,360,200,triggered
14,40,4,4,1.0,360,200,triggered
14,50,4,4,1.0,360,200,triggered
14,all_pre_trigger,4,4,1.0,360,200,triggered
15,10,4,4,1.0,290,130,triggered
15,20,4,4,1.0,290,130,triggered
15,30,4,4,1.0,290,130,triggered
15,40,4,4,1.0,290,130,triggered
15,50,4,4,1.0,290,130,triggered
15,all_pre_trigger,4,4,1.0,290,130,triggered
16,10,4,4,1.0,340,180,triggered
16,20,4,4,1.0,340,180,triggered
16,30,4,4,1.0,340,180,triggered
16,40,4,4,1.0,340,180,triggered
16,50,4,4,1.0,340,180,triggered
16,all_pre_trigger,4,4,1.0,340,180,triggered
17,10,0,0,0.0,250,90,no_replacement
17,20,0,0,0.0,250,90,no_replacement
17,30,0,0,0.0,250,90,no_replacement
17,40,0,0,0.0,250,90,no_replacement
17,50,0,0,0.0,250,90,no_replacement
17,all_pre_trigger,0,0,0.0,250,90,no_replacement
18,10,6,6,1.0,400,240,triggered
18,20,9,9,1.0,400,240,triggered
18,30,9,9,1.0,400,240,triggered
18,40,9,9,1.0,400,240,triggered
18,50,9,9,1.0,400,240,triggered
18,all_pre_trigger,9,9,1.0,400,240,triggered
19,10,4,4,1.0,300,140,triggered
19,20,4,4,1.0,300,140,triggered
19,30,4,4,1.0,300,140,triggered
19,40,4,4,1.0,300,140,triggered
19,50,4,4,1.0,300,140,triggered
19,all_pre_trigger,4,4,1.0,300,140,triggered
20,10,0,0,0.0,250,90,no_replacement
20,20,0,0,0.0,250,90,no_replacement
20,30,0,0,0.0,250,90,no_replacement
20,40,0,0,0.0,250,90,no_replacement
20,50,0,0,0.0,250,90,no_replacement
20,all_pre_trigger,0,0,0.0,250,90,no_replacement
21,10,4,4,1.0,360,200,triggered
21,20,4,4,1.0,360,200,triggered
21,30,4,4,1.0,360,200,triggered
21,40,4,4,1.0,360,200,triggered
21,50,4,4,1.0,360,200,triggered
21,all_pre_trigger,4,4,1.0,360,200,triggered
22,10,4,4,1.0,290,130,triggered
22,20,4,4,1.0,290,130,triggered
22,30,4,4,1.0,290,130,triggered
22,40,4,4,1.0,290,130,triggered
22,50,4,4,1.0,290,130,triggered
22,all_pre_trigger,4,4,1.0,290,130,triggered
23,10,4,4,1.0,290,130,triggered
23,20,4,4,1.0,290,130,triggered
23,30,4,4,1.0,290,130,triggered
23,40,4,4,1.0,290,130,triggered
23,50,4,4,1.0,290,130,triggered
23,all_pre_trigger,4,4,1.0,290,130,triggered
24,10,4,4,1.0,290,130,triggered
24,20,4,4,1.0,290,130,triggered
24,30,4,4,1.0,290,130,triggered
24,40,4,4,1.0,290,130,triggered
24,50,4,4,1.0,290,130,triggered
24,all_pre_trigger,4,4,1.0,290,130,triggered
25,10,5,5,1.0,370,210,triggered
25,20,5,5,1.0,370,210,triggered
25,30,5,5,1.0,370,210,triggered
25,40,5,5,1.0,370,210,triggered
25,50,5,5,1.0,370,210,triggered
25,all_pre_trigger,5,5,1.0,370,210,triggered
26,10,6,6,1.0,450,290,triggered
26,20,6,6,1.0,450,290,triggered
26,30,6,6,1.0,450,290,triggered
26,40,6,6,1.0,450,290,triggered
26,50,6,6,1.0,450,290,triggered
26,all_pre_trigger,6,6,1.0,450,290,triggered
27,10,4,4,1.0,300,140,triggered
27,20,4,4,1.0,300,140,triggered
27,30,4,4,1.0,300,140,triggered
27,40,4,4,1.0,300,140,triggered
27,50,4,4,1.0,300,140,triggered
27,all_pre_trigger,4,4,1.0,300,140,triggered
28,10,4,4,1.0,370,210,triggered
28,20,4,4,1.0,370,210,triggered
28,30,4,4,1.0,370,210,triggered
28,40,4,4,1.0,370,210,triggered
28,50,4,4,1.0,370,210,triggered
28,all_pre_trigger,4,4,1.0,370,210,triggered
29,10,4,4,1.0,370,210,triggered
29,20,4,4,1.0,370,210,triggered
29,30,4,4,1.0,370,210,triggered
29,40,4,4,1.0,370,210,triggered
29,50,4,4,1.0,370,210,triggered
29,all_pre_trigger,4,4,1.0,370,210,triggered
30,10,4,4,1.0,410,250,triggered
30,20,4,4,1.0,410,250,triggered
30,30,4,4,1.0,410,250,triggered
30,40,4,4,1.0,410,250,triggered
30,50,4,4,1.0,410,250,triggered
30,all_pre_trigger,4,4,1.0,410,250,triggered
31,10,0,0,0.0,250,90,no_replacement
31,20,0,0,0.0,250,90,no_replacement
31,30,0,0,0.0,250,90,no_replacement
31,40,0,0,0.0,250,90,no_replacement
31,50,0,0,0.0,250,90,no_replacement
31,all_pre_trigger,0,0,0.0,250,90,no_replacement
32,10,4,4,1.0,330,170,triggered
32,20,4,4,1.0,330,170,triggered
32,30,4,4,1.0,330,170,triggered
32,40,4,4,1.0,330,170,triggered
32,50,4,4,1.0,330,170,triggered
32,all_pre_trigger,4,4,1.0,330,170,triggered
33,10,0,0,0.0,250,90,no_replacement
33,20,0,0,0.0,250,90,no_replacement
33,30,0,0,0.0,250,90,no_replacement
33,40,0,0,0.0,250,90,no_replacement
33,50,0,0,0.0,250,90,no_replacement
33,all_pre_trigger,0,0,0.0,250,90,no_replacement
34,10,4,4,1.0,290,130,triggered
34,20,4,4,1.0,290,130,triggered
34,30,4,4,1.0,290,130,triggered
34,40,4,4,1.0,290,130,triggered
34,50,4,4,1.0,290,130,triggered
34,all_pre_trigger,4,4,1.0,290,130,triggered
35,10,4,4,1.0,320,160,triggered
35,20,4,4,1.0,320,160,triggered
35,30,4,4,1.0,320,160,triggered
35,40,4,4,1.0,320,160,triggered
35,50,4,4,1.0,320,160,triggered
35,all_pre_trigger,4,4,1.0,320,160,triggered
36,10,4,4,1.0,380,220,triggered
36,20,4,4,1.0,380,220,triggered
36,30,4,4,1.0,380,220,triggered
36,40,4,4,1.0,380,220,triggered
36,50,4,4,1.0,380,220,triggered
36,all_pre_trigger,4,4,1.0,380,220,triggered
37,10,0,0,0.0,250,90,no_replacement
37,20,0,0,0.0,250,90,no_replacement
37,30,0,0,0.0,250,90,no_replacement
37,40,0,0,0.0,250,90,no_replacement
37,50,0,0,0.0,250,90,no_replacement
37,all_pre_trigger,0,0,0.0,250,90,no_replacement
38,10,5,5,1.0,350,190,triggered
38,20,5,5,1.0,350,190,triggered
38,30,5,5,1.0,350,190,triggered
38,40,5,5,1.0,350,190,triggered
38,50,5,5,1.0,350,190,triggered
38,all_pre_trigger,5,5,1.0,350,190,triggered
39,10,4,4,1.0,300,140,triggered
39,20,4,4,1.0,300,140,triggered
39,30,4,4,1.0,300,140,triggered
39,40,4,4,1.0,300,140,triggered
39,50,4,4,1.0,300,140,triggered
39,all_pre_trigger,4,4,1.0,300,140,triggered
40,10,4,4,1.0,310,150,triggered
40,20,4,4,1.0,310,150,triggered
40,30,4,4,1.0,310,150,triggered
40,40,4,4,1.0,310,150,triggered
40,50,4,4,1.0,310,150,triggered
40,all_pre_trigger,4,4,1.0,310,150,triggered
41,10,5,5,1.0,390,230,triggered
41,20,5,5,1.0,390,230,triggered
41,30,5,5,1.0,390,230,triggered
41,40,5,5,1.0,390,230,triggered
41,50,5,5,1.0,390,230,triggered
41,all_pre_trigger,5,5,1.0,390,230,triggered
42,10,4,4,1.0,360,200,triggered
42,20,4,4,1.0,360,200,triggered
42,30,4,4,1.0,360,200,triggered
42,40,4,4,1.0,360,200,triggered
42,50,4,4,1.0,360,200,triggered
42,all_pre_trigger,4,4,1.0,360,200,triggered
43,10,4,4,1.0,380,220,triggered
43,20,4,4,1.0,380,220,triggered
43,30,4,4,1.0,380,220,triggered
43,40,4,4,1.0,380,220,triggered
43,50,4,4,1.0,380,220,triggered
43,all_pre_trigger,4,4,1.0,380,220,triggered
44,10,4,4,1.0,290,130,triggered
44,20,4,4,1.0,290,130,triggered
44,30,4,4,1.0,290,130,triggered
44,40,4,4,1.0,290,130,triggered
44,50,4,4,1.0,290,130,triggered
44,all_pre_trigger,4,4,1.0,290,130,triggered
45,10,0,0,0.0,250,90,no_replacement
45,20,0,0,0.0,250,90,no_replacement
45,30,0,0,0.0,250,90,no_replacement
45,40,0,0,0.0,250,90,no_replacement
45,50,0,0,0.0,250,90,no_replacement
45,all_pre_trigger,0,0,0.0,250,90,no_replacement
46,10,0,0,0.0,250,90,no_replacement
46,20,0,0,0.0,250,90,no_replacement
46,30,0,0,0.0,250,90,no_replacement
46,40,0,0,0.0,250,90,no_replacement
46,50,0,0,0.0,250,90,no_replacement
46,all_pre_trigger,0,0,0.0,250,90,no_replacement
47,10,4,4,1.0,310,150,triggered
47,20,4,4,1.0,310,150,triggered
47,30,4,4,1.0,310,150,triggered
47,40,4,4,1.0,310,150,triggered
47,50,4,4,1.0,310,150,triggered
47,all_pre_trigger,4,4,1.0,310,150,triggered
48,10,4,4,1.0,320,160,triggered
48,20,4,4,1.0,320,160,triggered
48,30,4,4,1.0,320,160,triggered
48,40,4,4,1.0,320,160,triggered
48,50,4,4,1.0,320,160,triggered
48,all_pre_trigger,4,4,1.0,320,160,triggered
49,10,4,4,1.0,290,130,triggered
49,20,4,4,1.0,290,130,triggered
49,30,4,4,1.0,290,130,triggered
49,40,4,4,1.0,290,130,triggered
49,50,4,4,1.0,290,130,triggered
49,all_pre_trigger,4,4,1.0,290,130,triggered
50,10,5,5,1.0,430,270,triggered
50,20,8,8,1.0,430,270,triggered
50,30,8,8,1.0,430,270,triggered
50,40,8,8,1.0,430,270,triggered
50,50,8,8,1.0,430,270,triggered
50,all_pre_trigger,8,8,1.0,430,270,triggered
