run_id,population,attack_mode,relock_rate,relock_time,quality_score,locked_fraction,drop_rate,quality_class
1,A,block_3,1.0,10.0,1.0,1.0,0.0,stable
1,A,block_5,1.0,10.0,1.0,1.0,0.0,stable
1,A,block_10,1.0,10.0,1.0,1.0,0.0,stable
1,A,block_15,1.0,10.0,1.0,1.0,0.0,stable
1,A,block_20,1.0,10.0,1.0,1.0,0.0,stable
2,A,block_3,1.0,10.0,0.493791088385683,0.7027027027027027,0.2972972972972973,fragile
2,A,block_5,1.0,10.0,0.48225308641975306,0.6944444444444444,0.3055555555555556,fragile
2,A,block_10,1.0,10.0,0.4576124567474049,0.6764705882352942,0.3235294117647059,fragile
2,A,block_15,1.0,10.0,0.4162330905306972,0.6451612903225806,0.3548387096774194,fragile
2,A,block_20,1.0,10.0,0.38525564803804996,0.6206896551724138,0.3793103448275862,fragile
3,A,block_3,1.0,10.0,0.4011111111111111,0.6333333333333333,0.36666666666666664,fragile
3,A,block_5,1.0,10.0,0.38525564803804996,0.6206896551724138,0.3793103448275862,fragile
3,A,block_10,1.0,10.0,0.3511659807956104,0.5925925925925926,0.4074074074074074,fragile
3,A,block_15,1.0,10.0,0.2934027777777778,0.5416666666666666,0.4583333333333333,collapse
3,A,block_20,1.0,10.0,0.25,0.5,0.5,collapse
4,A,block_3,1.0,10.0,1.0,1.0,0.0,stable
4,A,block_5,1.0,10.0,1.0,1.0,0.0,stable
4,A,block_10,1.0,10.0,1.0,1.0,0.0,stable
4,A,block_15,1.0,10.0,1.0,1.0,0.0,stable
4,A,block_20,1.0,10.0,1.0,1.0,0.0,stable
5,A,block_3,1.0,10.0,1.0,1.0,0.0,stable
5,A,block_5,1.0,10.0,1.0,1.0,0.0,stable
5,A,block_10,1.0,10.0,1.0,1.0,0.0,stable
5,A,block_15,1.0,10.0,1.0,1.0,0.0,stable
5,A,block_20,1.0,10.0,1.0,1.0,0.0,stable
6,A,block_3,1.0,10.0,1.0,1.0,0.0,stable
6,A,block_5,1.0,10.0,1.0,1.0,0.0,stable
6,A,block_10,1.0,10.0,1.0,1.0,0.0,stable
6,A,block_15,1.0,10.0,1.0,1.0,0.0,stable
6,A,block_20,0.0,,0.0,0.0,1.0,collapse
7,A,block_3,1.0,10.0,1.0,1.0,0.0,stable
7,A,block_5,1.0,10.0,1.0,1.0,0.0,stable
7,A,block_10,1.0,10.0,1.0,1.0,0.0,stable
7,A,block_15,1.0,10.0,1.0,1.0,0.0,stable
7,A,block_20,1.0,10.0,1.0,1.0,0.0,stable
8,A,block_3,1.0,10.0,1.0,1.0,0.0,stable
8,A,block_5,1.0,10.0,1.0,1.0,0.0,stable
8,A,block_10,1.0,10.0,1.0,1.0,0.0,stable
8,A,block_15,1.0,10.0,1.0,1.0,0.0,stable
8,A,block_20,1.0,10.0,1.0,1.0,0.0,stable
9,A,block_3,1.0,10.0,1.0,1.0,0.0,stable
9,A,block_5,1.0,10.0,1.0,1.0,0.0,stable
9,A,block_10,1.0,10.0,1.0,1.0,0.0,stable
9,A,block_15,1.0,10.0,1.0,1.0,0.0,stable
9,A,block_20,1.0,10.0,1.0,1.0,0.0,stable
10,A,block_3,1.0,10.0,0.7825443786982248,0.8846153846153846,0.11538461538461539,stable
10,A,block_5,1.0,10.0,0.7744,0.88,0.12,stable
10,A,block_10,1.0,10.0,0.7561436672967864,0.8695652173913043,0.13043478260869565,stable
10,A,block_15,1.0,10.0,0.7224999999999999,0.85,0.15,stable
10,A,block_20,1.0,10.0,0.6944444444444445,0.8333333333333334,0.16666666666666666,fragile
11,A,block_3,1.0,10.0,0.4792899408284023,0.6923076923076923,0.3076923076923077,fragile
11,A,block_5,1.0,10.0,0.46814404432132967,0.6842105263157895,0.3157894736842105,fragile
11,A,block_10,1.0,10.0,0.4444444444444445,0.6666666666666666,0.3333333333333333,fragile
11,A,block_15,1.0,10.0,0.4049586776859504,0.6363636363636364,0.36363636363636365,fragile
11,A,block_20,1.0,22.0,1.0,1.0,0.0,stable
12,A,block_3,1.0,10.0,1.0,1.0,0.0,stable
12,A,block_5,1.0,10.0,1.0,1.0,0.0,stable
12,A,block_10,1.0,10.0,1.0,1.0,0.0,stable
12,A,block_15,1.0,10.0,1.0,1.0,0.0,stable
12,A,block_20,1.0,10.0,1.0,1.0,0.0,stable
13,A,block_3,1.0,10.0,1.0,1.0,0.0,stable
13,A,block_5,1.0,10.0,1.0,1.0,0.0,stable
13,A,block_10,1.0,10.0,1.0,1.0,0.0,stable
13,A,block_15,1.0,10.0,1.0,1.0,0.0,stable
13,A,block_20,1.0,10.0,1.0,1.0,0.0,stable
14,A,block_3,1.0,10.0,1.0,1.0,0.0,stable
14,A,block_5,1.0,10.0,1.0,1.0,0.0,stable
14,A,block_10,1.0,10.0,1.0,1.0,0.0,stable
14,A,block_15,0.0,,0.0,0.0,1.0,collapse
14,A,block_20,0.0,,0.0,0.0,1.0,collapse
15,B,block_3,1.0,10.0,0.08566329565734683,0.2926829268292683,0.7073170731707317,collapse
15,B,block_5,1.0,10.0,0.07562500000000001,0.275,0.725,collapse
15,B,block_10,1.0,10.0,0.04674945215485757,0.21621621621621623,0.7837837837837838,collapse
15,B,block_15,1.0,10.0,0.029387755102040808,0.17142857142857143,0.8285714285714286,collapse
15,B,block_20,1.0,20.0,0.018595041322314047,0.13636363636363635,0.8636363636363636,collapse
16,A,block_3,1.0,10.0,0.4444444444444445,0.6666666666666666,0.3333333333333333,fragile
16,A,block_5,1.0,10.0,0.4275147928994083,0.6538461538461539,0.34615384615384615,fragile
16,A,block_10,1.0,10.0,0.37051039697542537,0.6086956521739131,0.391304347826087,fragile
16,A,block_15,1.0,10.0,0.32653061224489793,0.5714285714285714,0.42857142857142855,fragile
16,A,block_20,1.0,10.0,0.25,0.5,0.5,collapse
17,A,block_3,1.0,10.0,1.0,1.0,0.0,stable
17,A,block_5,1.0,10.0,1.0,1.0,0.0,stable
17,A,block_10,1.0,10.0,1.0,1.0,0.0,stable
17,A,block_15,1.0,10.0,1.0,1.0,0.0,stable
17,A,block_20,1.0,10.0,1.0,1.0,0.0,stable
18,A,block_3,1.0,10.0,1.0,1.0,0.0,stable
18,A,block_5,1.0,10.0,1.0,1.0,0.0,stable
18,A,block_10,1.0,10.0,1.0,1.0,0.0,stable
18,A,block_15,1.0,10.0,1.0,1.0,0.0,stable
18,A,block_20,1.0,10.0,1.0,1.0,0.0,stable
19,A,block_3,1.0,10.0,0.4444444444444445,0.6666666666666666,0.3333333333333333,fragile
19,A,block_5,1.0,10.0,0.42925089179548154,0.6551724137931034,0.3448275862068966,fragile
19,A,block_10,1.0,10.0,0.3964334705075446,0.6296296296296297,0.37037037037037035,fragile
19,A,block_15,1.0,10.0,0.34027777777777773,0.5833333333333334,0.4166666666666667,fragile
19,A,block_20,1.0,10.0,0.29752066115702475,0.5454545454545454,0.45454545454545453,collapse
20,A,block_3,1.0,10.0,1.0,1.0,0.0,stable
20,A,block_5,1.0,10.0,1.0,1.0,0.0,stable
20,A,block_10,1.0,10.0,1.0,1.0,0.0,stable
20,A,block_15,1.0,10.0,1.0,1.0,0.0,stable
20,A,block_20,1.0,10.0,1.0,1.0,0.0,stable
21,A,block_3,1.0,10.0,1.0,1.0,0.0,stable
21,A,block_5,1.0,10.0,1.0,1.0,0.0,stable
21,A,block_10,1.0,10.0,1.0,1.0,0.0,stable
21,A,block_15,1.0,10.0,1.0,1.0,0.0,stable
21,A,block_20,1.0,10.0,1.0,1.0,0.0,stable
22,B,block_3,1.0,10.0,0.04164931278633903,0.20408163265306123,0.7959183673469388,collapse
22,B,block_5,1.0,39.0,0.22437673130193905,0.47368421052631576,0.5263157894736842,collapse
22,B,block_10,1.0,36.0,0.22437673130193905,0.47368421052631576,0.5263157894736842,collapse
22,B,block_15,1.0,34.0,0.22437673130193905,0.47368421052631576,0.5263157894736842,collapse
22,B,block_20,1.0,31.0,0.22437673130193905,0.47368421052631576,0.5263157894736842,collapse
23,B,block_3,1.0,10.0,0.27040000000000003,0.52,0.48,collapse
23,B,block_5,1.0,10.0,0.25,0.5,0.5,collapse
23,B,block_10,1.0,10.0,0.2066115702479339,0.45454545454545453,0.5454545454545454,collapse
23,B,block_15,1.0,10.0,0.13573407202216067,0.3684210526315789,0.631578947368421,collapse
23,B,block_20,1.0,10.0,0.08650519031141868,0.29411764705882354,0.7058823529411765,collapse
24,B,block_3,1.0,10.0,0.22145328719723184,0.47058823529411764,0.5294117647058824,collapse
24,B,block_5,1.0,10.0,0.2066115702479339,0.45454545454545453,0.5454545454545454,collapse
24,B,block_10,1.0,10.0,0.16000000000000003,0.4,0.6,collapse
24,B,block_15,1.0,10.0,0.12755102040816324,0.35714285714285715,0.6428571428571429,collapse
24,B,block_20,1.0,10.0,0.07840000000000001,0.28,0.72,collapse
25,A,block_3,1.0,10.0,0.5625,0.75,0.25,fragile
25,A,block_5,1.0,10.0,0.546313799621928,0.7391304347826086,0.2608695652173913,fragile
25,A,block_10,1.0,10.0,0.48999999999999994,0.7,0.3,fragile
25,A,block_15,1.0,10.0,0.4444444444444445,0.6666666666666666,0.3333333333333333,fragile
25,A,block_20,1.0,10.0,0.36,0.6,0.4,fragile
26,A,block_3,1.0,10.0,1.0,1.0,0.0,stable
26,A,block_5,1.0,10.0,1.0,1.0,0.0,stable
26,A,block_10,1.0,10.0,1.0,1.0,0.0,stable
26,A,block_15,1.0,10.0,1.0,1.0,0.0,stable
26,A,block_20,1.0,10.0,1.0,1.0,0.0,stable
27,A,block_3,1.0,10.0,1.0,1.0,0.0,stable
27,A,block_5,1.0,10.0,1.0,1.0,0.0,stable
27,A,block_10,1.0,10.0,1.0,1.0,0.0,stable
27,A,block_15,1.0,10.0,1.0,1.0,0.0,stable
27,A,block_20,1.0,10.0,1.0,1.0,0.0,stable
28,A,block_3,1.0,10.0,1.0,1.0,0.0,stable
28,A,block_5,1.0,10.0,1.0,1.0,0.0,stable
28,A,block_10,1.0,10.0,1.0,1.0,0.0,stable
28,A,block_15,1.0,10.0,1.0,1.0,0.0,stable
28,A,block_20,1.0,10.0,1.0,1.0,0.0,stable
29,A,block_3,1.0,10.0,1.0,1.0,0.0,stable
29,A,block_5,1.0,10.0,1.0,1.0,0.0,stable
29,A,block_10,1.0,10.0,1.0,1.0,0.0,stable
29,A,block_15,1.0,10.0,1.0,1.0,0.0,stable
29,A,block_20,1.0,10.0,1.0,1.0,0.0,stable
30,B,block_3,1.0,10.0,0.1836734693877551,0.42857142857142855,0.5714285714285714,collapse
30,B,block_5,1.0,10.0,0.16598079561042525,0.4074074074074074,0.5925925925925926,collapse
30,B,block_10,1.0,10.0,0.11111111111111112,0.3333333333333333,0.6666666666666666,collapse
30,B,block_15,1.0,10.0,0.07438016528925619,0.2727272727272727,0.7272727272727273,collapse
30,B,block_20,1.0,10.0,0.024930747922437678,0.15789473684210525,0.8421052631578947,collapse
31,A,block_3,1.0,10.0,1.0,1.0,0.0,stable
31,A,block_5,1.0,10.0,1.0,1.0,0.0,stable
31,A,block_10,1.0,10.0,1.0,1.0,0.0,stable
31,A,block_15,1.0,10.0,1.0,1.0,0.0,stable
31,A,block_20,1.0,10.0,1.0,1.0,0.0,stable
32,A,block_3,1.0,10.0,1.0,1.0,0.0,stable
32,A,block_5,1.0,10.0,1.0,1.0,0.0,stable
32,A,block_10,1.0,10.0,1.0,1.0,0.0,stable
32,A,block_15,1.0,10.0,1.0,1.0,0.0,stable
32,A,block_20,1.0,10.0,1.0,1.0,0.0,stable
33,A,block_3,1.0,10.0,1.0,1.0,0.0,stable
33,A,block_5,1.0,10.0,1.0,1.0,0.0,stable
33,A,block_10,1.0,10.0,1.0,1.0,0.0,stable
33,A,block_15,1.0,10.0,1.0,1.0,0.0,stable
33,A,block_20,1.0,10.0,1.0,1.0,0.0,stable
34,A,block_3,1.0,10.0,0.9216,0.96,0.04,stable
34,A,block_5,1.0,10.0,0.9184027777777779,0.9583333333333334,0.041666666666666664,stable
34,A,block_10,1.0,10.0,0.9111570247933886,0.9545454545454546,0.045454545454545456,stable
34,A,block_15,1.0,10.0,0.8975069252077562,0.9473684210526315,0.05263157894736842,stable
34,A,block_20,1.0,10.0,0.8858131487889274,0.9411764705882353,0.058823529411764705,stable
35,A,block_3,1.0,10.0,1.0,1.0,0.0,stable
35,A,block_5,1.0,10.0,1.0,1.0,0.0,stable
35,A,block_10,1.0,10.0,1.0,1.0,0.0,stable
35,A,block_15,1.0,10.0,1.0,1.0,0.0,stable
35,A,block_20,1.0,10.0,1.0,1.0,0.0,stable
36,A,block_3,1.0,10.0,0.3756503642039542,0.6129032258064516,0.3870967741935484,fragile
36,A,block_5,1.0,10.0,0.36,0.6,0.4,fragile
36,A,block_10,1.0,10.0,0.32653061224489793,0.5714285714285714,0.42857142857142855,fragile
36,A,block_15,1.0,10.0,0.27040000000000003,0.52,0.48,collapse
36,A,block_20,1.0,10.0,0.2287334593572779,0.4782608695652174,0.5217391304347826,collapse
37,A,block_3,1.0,10.0,1.0,1.0,0.0,stable
37,A,block_5,1.0,10.0,1.0,1.0,0.0,stable
37,A,block_10,1.0,10.0,1.0,1.0,0.0,stable
37,A,block_15,1.0,10.0,1.0,1.0,0.0,stable
37,A,block_20,1.0,10.0,1.0,1.0,0.0,stable
38,A,block_3,1.0,10.0,1.0,1.0,0.0,stable
38,A,block_5,1.0,10.0,1.0,1.0,0.0,stable
38,A,block_10,1.0,10.0,1.0,1.0,0.0,stable
38,A,block_15,1.0,10.0,1.0,1.0,0.0,stable
38,A,block_20,1.0,10.0,1.0,1.0,0.0,stable
39,A,block_3,1.0,10.0,1.0,1.0,0.0,stable
39,A,block_5,1.0,10.0,1.0,1.0,0.0,stable
39,A,block_10,1.0,10.0,1.0,1.0,0.0,stable
39,A,block_15,1.0,10.0,1.0,1.0,0.0,stable
39,A,block_20,1.0,10.0,1.0,1.0,0.0,stable
40,A,block_3,1.0,10.0,1.0,1.0,0.0,stable
40,A,block_5,1.0,10.0,1.0,1.0,0.0,stable
40,A,block_10,1.0,10.0,1.0,1.0,0.0,stable
40,A,block_15,1.0,10.0,1.0,1.0,0.0,stable
40,A,block_20,1.0,10.0,1.0,1.0,0.0,stable
41,A,block_3,1.0,10.0,1.0,1.0,0.0,stable
41,A,block_5,1.0,10.0,1.0,1.0,0.0,stable
41,A,block_10,1.0,10.0,1.0,1.0,0.0,stable
41,A,block_15,1.0,10.0,1.0,1.0,0.0,stable
41,A,block_20,0.0,,0.0,0.0,1.0,collapse
42,A,block_3,1.0,10.0,1.0,1.0,0.0,stable
42,A,block_5,1.0,10.0,1.0,1.0,0.0,stable
42,A,block_10,1.0,10.0,1.0,1.0,0.0,stable
42,A,block_15,1.0,10.0,1.0,1.0,0.0,stable
42,A,block_20,1.0,10.0,1.0,1.0,0.0,stable
43,A,block_3,1.0,10.0,0.4162330905306972,0.6451612903225806,0.3548387096774194,fragile
43,A,block_5,1.0,10.0,0.4011111111111111,0.6333333333333333,0.36666666666666664,fragile
43,A,block_10,1.0,10.0,0.3511659807956104,0.5925925925925926,0.4074074074074074,fragile
43,A,block_15,1.0,10.0,0.31360000000000005,0.56,0.44,fragile
43,A,block_20,1.0,10.0,0.25,0.5,0.5,collapse
44,A,block_3,1.0,10.0,0.7256515775034293,0.8518518518518519,0.14814814814814814,stable
44,A,block_5,1.0,10.0,0.7159763313609467,0.8461538461538461,0.15384615384615385,stable
44,A,block_10,1.0,10.0,0.6824196597353497,0.8260869565217391,0.17391304347826086,fragile
44,A,block_15,1.0,10.0,0.655328798185941,0.8095238095238095,0.19047619047619047,fragile
44,A,block_20,1.0,10.0,0.6049382716049383,0.7777777777777778,0.2222222222222222,fragile
45,A,block_3,1.0,10.0,1.0,1.0,0.0,stable
45,A,block_5,1.0,10.0,1.0,1.0,0.0,stable
45,A,block_10,1.0,10.0,1.0,1.0,0.0,stable
45,A,block_15,1.0,10.0,1.0,1.0,0.0,stable
45,A,block_20,1.0,10.0,1.0,1.0,0.0,stable
46,A,block_3,1.0,10.0,1.0,1.0,0.0,stable
46,A,block_5,1.0,10.0,1.0,1.0,0.0,stable
46,A,block_10,1.0,10.0,1.0,1.0,0.0,stable
46,A,block_15,1.0,10.0,1.0,1.0,0.0,stable
46,A,block_20,1.0,10.0,1.0,1.0,0.0,stable
47,A,block_3,1.0,10.0,1.0,1.0,0.0,stable
47,A,block_5,1.0,10.0,1.0,1.0,0.0,stable
47,A,block_10,1.0,10.0,1.0,1.0,0.0,stable
47,A,block_15,1.0,10.0,1.0,1.0,0.0,stable
47,A,block_20,1.0,10.0,1.0,1.0,0.0,stable
48,B,block_3,1.0,10.0,0.2822265625,0.53125,0.46875,collapse
48,B,block_5,1.0,10.0,0.26638917793964617,0.5161290322580645,0.4838709677419355,collapse
48,B,block_10,1.0,10.0,0.21556122448979592,0.4642857142857143,0.5357142857142857,collapse
48,B,block_15,1.0,10.0,0.1789940828402367,0.4230769230769231,0.5769230769230769,collapse
48,B,block_20,1.0,10.0,0.12098298676748581,0.34782608695652173,0.6521739130434783,collapse
49,A,block_3,1.0,10.0,1.0,1.0,0.0,stable
49,A,block_5,1.0,10.0,1.0,1.0,0.0,stable
49,A,block_10,1.0,10.0,1.0,1.0,0.0,stable
49,A,block_15,1.0,10.0,1.0,1.0,0.0,stable
49,A,block_20,1.0,10.0,1.0,1.0,0.0,stable
50,A,block_3,1.0,10.0,1.0,1.0,0.0,stable
50,A,block_5,1.0,10.0,1.0,1.0,0.0,stable
50,A,block_10,1.0,10.0,1.0,1.0,0.0,stable
50,A,block_15,1.0,10.0,1.0,1.0,0.0,stable
50,A,block_20,1.0,10.0,1.0,1.0,0.0,stable
