run_id,mode,requested_block,actual_block_size,segment_length,block_fraction,trigger_sample,locked_fraction,max_locked_duration,maintenance_survived,status
1,block_1,1,1,64,0.015625,310,0.6666666666666666,27,True,triggered
1,block_2,2,2,64,0.03125,310,0.6533333333333333,27,True,triggered
1,block_3,3,3,64,0.046875,310,0.64,26,True,triggered
1,block_5,5,5,64,0.078125,310,0.6133333333333333,25,True,triggered
1,block_10,10,10,64,0.15625,310,0.5466666666666666,23,True,triggered
1,maintenance_exhaustion,-1,64,64,1.0,310,0.0,0,False,triggered
2,block_1,1,1,45,0.022222222222222223,250,0.6,18,True,triggered
2,block_2,2,2,45,0.044444444444444446,250,0.5866666666666667,17,True,triggered
2,block_3,3,3,45,0.06666666666666667,250,0.5733333333333334,17,True,triggered
2,block_5,5,5,45,0.1111111111111111,250,0.5466666666666666,16,True,triggered
2,block_10,10,10,45,0.2222222222222222,250,0.48,14,True,triggered
2,maintenance_exhaustion,-1,68,68,1.0,250,0.0,0,False,triggered
3,block_1,1,1,59,0.01694915254237288,250,0.6,25,True,triggered
3,block_2,2,2,59,0.03389830508474576,250,0.5866666666666667,24,True,triggered
3,block_3,3,3,59,0.05084745762711865,250,0.5733333333333334,24,True,triggered
3,block_5,5,5,59,0.0847457627118644,250,0.5466666666666666,23,True,triggered
3,block_10,10,10,59,0.1694915254237288,250,0.48,20,True,triggered
3,maintenance_exhaustion,-1,67,67,1.0,250,0.0,0,False,triggered
4,block_1,1,1,68,0.014705882352941176,270,0.72,29,True,triggered
4,block_2,2,2,68,0.029411764705882353,270,0.7066666666666667,29,True,triggered
4,block_3,3,3,68,0.04411764705882353,270,0.6933333333333334,28,True,triggered
4,block_5,5,5,68,0.07352941176470588,270,0.6666666666666666,27,True,triggered
4,block_10,10,10,68,0.14705882352941177,270,0.6,25,True,triggered
4,maintenance_exhaustion,-1,68,68,1.0,270,0.0,0,False,triggered
5,block_1,1,1,64,0.015625,310,0.6666666666666666,27,True,triggered
5,block_2,2,2,64,0.03125,310,0.6533333333333333,27,True,triggered
5,block_3,3,3,64,0.046875,310,0.64,26,True,triggered
5,block_5,5,5,64,0.078125,310,0.6133333333333333,25,True,triggered
5,block_10,10,10,64,0.15625,310,0.5466666666666666,23,True,triggered
5,maintenance_exhaustion,-1,64,64,1.0,310,0.0,0,False,triggered
6,block_1,1,1,34,0.029411764705882353,330,0.37333333333333335,13,True,triggered
6,block_2,2,2,34,0.058823529411764705,330,0.36,13,True,triggered
6,block_3,3,3,34,0.08823529411764706,330,0.3466666666666667,13,True,triggered
6,block_5,5,5,34,0.14705882352941177,330,0.32,13,True,triggered
6,block_10,10,10,34,0.29411764705882354,330,0.25333333333333335,13,True,triggered
6,maintenance_exhaustion,-1,52,52,1.0,330,0.0,0,False,triggered
7,block_1,1,1,67,0.014925373134328358,280,0.7066666666666667,29,True,triggered
7,block_2,2,2,67,0.029850746268656716,280,0.6933333333333334,28,True,triggered
7,block_3,3,3,67,0.04477611940298507,280,0.68,28,True,triggered
7,block_5,5,5,67,0.07462686567164178,280,0.6533333333333333,27,True,triggered
7,block_10,10,10,67,0.14925373134328357,280,0.5866666666666667,24,True,triggered
7,maintenance_exhaustion,-1,67,67,1.0,280,0.0,0,False,triggered
8,block_1,1,0,0,0.0,250,0.88,66,False,no_replacement
8,block_2,2,0,0,0.0,250,0.88,66,False,no_replacement
8,block_3,3,0,0,0.0,250,0.88,66,False,no_replacement
8,block_5,5,0,0,0.0,250,0.88,66,False,no_replacement
8,block_10,10,0,0,0.0,250,0.88,66,False,no_replacement
8,maintenance_exhaustion,-1,0,0,0.0,250,0.88,66,False,no_replacement
9,block_1,1,1,68,0.014705882352941176,270,0.72,29,True,triggered
9,block_2,2,2,68,0.029411764705882353,270,0.7066666666666667,29,True,triggered
9,block_3,3,3,68,0.04411764705882353,270,0.6933333333333334,28,True,triggered
9,block_5,5,5,68,0.07352941176470588,270,0.6666666666666666,27,True,triggered
9,block_10,10,10,68,0.14705882352941177,270,0.6,25,True,triggered
9,maintenance_exhaustion,-1,68,68,1.0,270,0.0,0,False,triggered
10,block_1,1,1,67,0.014925373134328358,250,0.7066666666666667,29,True,triggered
10,block_2,2,2,67,0.029850746268656716,250,0.6933333333333334,28,True,triggered
10,block_3,3,3,67,0.04477611940298507,250,0.68,28,True,triggered
10,block_5,5,5,67,0.07462686567164178,250,0.6533333333333333,27,True,triggered
10,block_10,10,10,67,0.14925373134328357,250,0.5866666666666667,24,True,triggered
10,maintenance_exhaustion,-1,67,67,1.0,250,0.0,0,False,triggered
11,block_1,1,1,37,0.02702702702702703,270,0.56,19,True,triggered
11,block_2,2,2,37,0.05405405405405406,270,0.5466666666666666,19,True,triggered
11,block_3,3,3,37,0.08108108108108109,270,0.5333333333333333,19,True,triggered
11,block_5,5,5,37,0.13513513513513514,270,0.5066666666666667,19,True,triggered
11,block_10,10,10,37,0.2702702702702703,270,0.44,19,True,triggered
11,maintenance_exhaustion,-1,65,65,1.0,270,0.0,0,False,triggered
12,block_1,1,1,48,0.020833333333333332,310,0.52,15,True,triggered
12,block_2,2,2,48,0.041666666666666664,310,0.5066666666666667,14,True,triggered
12,block_3,3,3,48,0.0625,310,0.49333333333333335,14,True,triggered
12,block_5,5,5,48,0.10416666666666667,310,0.4666666666666667,13,True,triggered
12,block_10,10,10,48,0.20833333333333334,310,0.4,10,True,triggered
12,maintenance_exhaustion,-1,62,62,1.0,310,0.0,0,False,triggered
13,block_1,1,1,64,0.015625,310,0.6666666666666666,27,True,triggered
13,block_2,2,2,64,0.03125,310,0.6533333333333333,27,True,triggered
13,block_3,3,3,64,0.046875,310,0.64,26,True,triggered
13,block_5,5,5,64,0.078125,310,0.6133333333333333,25,True,triggered
13,block_10,10,10,64,0.15625,310,0.5466666666666666,23,True,triggered
13,maintenance_exhaustion,-1,64,64,1.0,310,0.0,0,False,triggered
14,block_1,1,1,32,0.03125,320,0.4266666666666667,19,True,triggered
14,block_2,2,2,32,0.0625,320,0.41333333333333333,19,True,triggered
14,block_3,3,3,32,0.09375,320,0.4,19,True,triggered
14,block_5,5,5,32,0.15625,320,0.37333333333333335,19,True,triggered
14,block_10,10,10,32,0.3125,320,0.30666666666666664,19,True,triggered
14,maintenance_exhaustion,-1,55,55,1.0,320,0.0,0,False,triggered
15,block_1,1,1,38,0.02631578947368421,250,0.36,14,True,triggered
15,block_2,2,2,38,0.05263157894736842,250,0.3466666666666667,14,True,triggered
15,block_3,3,3,38,0.07894736842105263,250,0.3333333333333333,13,True,triggered
15,block_5,5,5,38,0.13157894736842105,250,0.30666666666666664,12,True,triggered
15,block_10,10,10,38,0.2631578947368421,250,0.24,10,False,triggered
15,maintenance_exhaustion,-1,51,51,1.0,250,0.0,0,False,triggered
16,block_1,1,1,56,0.017857142857142856,300,0.56,23,True,triggered
16,block_2,2,2,56,0.03571428571428571,300,0.5466666666666666,23,True,triggered
16,block_3,3,3,56,0.05357142857142857,300,0.5333333333333333,22,True,triggered
16,block_5,5,5,56,0.08928571428571429,300,0.5066666666666667,21,True,triggered
16,block_10,10,10,56,0.17857142857142858,300,0.44,19,True,triggered
16,maintenance_exhaustion,-1,64,64,1.0,300,0.0,0,False,triggered
17,block_1,1,0,0,0.0,250,0.88,66,False,no_replacement
17,block_2,2,0,0,0.0,250,0.88,66,False,no_replacement
17,block_3,3,0,0,0.0,250,0.88,66,False,no_replacement
17,block_5,5,0,0,0.0,250,0.88,66,False,no_replacement
17,block_10,10,0,0,0.0,250,0.88,66,False,no_replacement
17,maintenance_exhaustion,-1,0,0,0.0,250,0.88,66,False,no_replacement
18,block_1,1,1,59,0.01694915254237288,360,0.6,25,True,triggered
18,block_2,2,2,59,0.03389830508474576,360,0.5866666666666667,24,True,triggered
18,block_3,3,3,59,0.05084745762711865,360,0.5733333333333334,24,True,triggered
18,block_5,5,5,59,0.0847457627118644,360,0.5466666666666666,23,True,triggered
18,block_10,10,10,59,0.1694915254237288,360,0.48,20,True,triggered
18,maintenance_exhaustion,-1,59,59,1.0,360,0.0,0,False,triggered
19,block_1,1,1,57,0.017543859649122806,260,0.6,24,True,triggered
19,block_2,2,2,57,0.03508771929824561,260,0.5866666666666667,23,True,triggered
19,block_3,3,3,57,0.05263157894736842,260,0.5733333333333334,23,True,triggered
19,block_5,5,5,57,0.08771929824561403,260,0.5466666666666666,22,True,triggered
19,block_10,10,10,57,0.17543859649122806,260,0.48,19,True,triggered
19,maintenance_exhaustion,-1,68,68,1.0,260,0.0,0,False,triggered
20,block_1,1,0,0,0.0,250,0.88,66,False,no_replacement
20,block_2,2,0,0,0.0,250,0.88,66,False,no_replacement
20,block_3,3,0,0,0.0,250,0.88,66,False,no_replacement
20,block_5,5,0,0,0.0,250,0.88,66,False,no_replacement
20,block_10,10,0,0,0.0,250,0.88,66,False,no_replacement
20,maintenance_exhaustion,-1,0,0,0.0,250,0.88,66,False,no_replacement
21,block_1,1,1,55,0.01818181818181818,320,0.52,18,True,triggered
21,block_2,2,2,55,0.03636363636363636,320,0.5066666666666667,18,True,triggered
21,block_3,3,3,55,0.05454545454545454,320,0.49333333333333335,17,True,triggered
21,block_5,5,5,55,0.09090909090909091,320,0.4666666666666667,16,True,triggered
21,block_10,10,10,55,0.18181818181818182,320,0.4,14,True,triggered
21,maintenance_exhaustion,-1,62,62,1.0,320,0.0,0,False,triggered
22,block_1,1,1,22,0.045454545454545456,250,0.22666666666666666,7,True,triggered
22,block_2,2,2,22,0.09090909090909091,250,0.21333333333333335,7,True,triggered
22,block_3,3,3,22,0.13636363636363635,250,0.2,7,True,triggered
22,block_5,5,5,22,0.22727272727272727,250,0.17333333333333334,7,False,triggered
22,block_10,10,10,22,0.45454545454545453,250,0.14666666666666667,7,False,triggered
22,maintenance_exhaustion,-1,49,49,1.0,250,0.0,0,False,triggered
23,block_1,1,1,39,0.02564102564102564,250,0.4533333333333333,10,True,triggered
23,block_2,2,2,39,0.05128205128205128,250,0.44,10,True,triggered
23,block_3,3,3,39,0.07692307692307693,250,0.4266666666666667,10,True,triggered
23,block_5,5,5,39,0.1282051282051282,250,0.4,10,True,triggered
23,block_10,10,10,39,0.2564102564102564,250,0.3333333333333333,10,True,triggered
23,maintenance_exhaustion,-1,66,66,1.0,250,0.0,0,False,triggered
24,block_1,1,1,52,0.019230769230769232,250,0.5066666666666667,21,True,triggered
24,block_2,2,2,52,0.038461538461538464,250,0.49333333333333335,21,True,triggered
24,block_3,3,3,52,0.057692307692307696,250,0.48,20,True,triggered
24,block_5,5,5,52,0.09615384615384616,250,0.4533333333333333,19,True,triggered
24,block_10,10,10,52,0.19230769230769232,250,0.38666666666666666,17,True,triggered
24,maintenance_exhaustion,-1,60,60,1.0,250,0.0,0,False,triggered
25,block_1,1,1,56,0.017857142857142856,330,0.56,23,True,triggered
25,block_2,2,2,56,0.03571428571428571,330,0.5466666666666666,23,True,triggered
25,block_3,3,3,56,0.05357142857142857,330,0.5333333333333333,22,True,triggered
25,block_5,5,5,56,0.08928571428571429,330,0.5066666666666667,21,True,triggered
25,block_10,10,10,56,0.17857142857142858,330,0.44,19,True,triggered
25,maintenance_exhaustion,-1,56,56,1.0,330,0.0,0,False,triggered
26,block_1,1,1,54,0.018518518518518517,410,0.5333333333333333,22,True,triggered
26,block_2,2,2,54,0.037037037037037035,410,0.52,22,True,triggered
26,block_3,3,3,54,0.05555555555555555,410,0.5066666666666667,21,True,triggered
26,block_5,5,5,54,0.09259259259259259,410,0.48,20,True,triggered
26,block_10,10,10,54,0.18518518518518517,410,0.41333333333333333,18,True,triggered
26,maintenance_exhaustion,-1,54,54,1.0,410,0.0,0,False,triggered
27,block_1,1,1,69,0.014492753623188406,260,0.7333333333333333,30,True,triggered
27,block_2,2,2,69,0.028985507246376812,260,0.72,29,True,triggered
27,block_3,3,3,69,0.043478260869565216,260,0.7066666666666667,29,True,triggered
27,block_5,5,5,69,0.07246376811594203,260,0.68,28,True,triggered
27,block_10,10,10,69,0.14492753623188406,260,0.6133333333333333,25,True,triggered
27,maintenance_exhaustion,-1,69,69,1.0,260,0.0,0,False,triggered
28,block_1,1,1,62,0.016129032258064516,330,0.64,26,True,triggered
28,block_2,2,2,62,0.03225806451612903,330,0.6266666666666667,26,True,triggered
28,block_3,3,3,62,0.04838709677419355,330,0.6133333333333333,25,True,triggered
28,block_5,5,5,62,0.08064516129032258,330,0.5866666666666667,24,True,triggered
28,block_10,10,10,62,0.16129032258064516,330,0.52,22,True,triggered
28,maintenance_exhaustion,-1,62,62,1.0,330,0.0,0,False,triggered
29,block_1,1,1,40,0.025,330,0.49333333333333335,16,True,triggered
29,block_2,2,2,40,0.05,330,0.48,16,True,triggered
29,block_3,3,3,40,0.075,330,0.4666666666666667,16,True,triggered
29,block_5,5,5,40,0.125,330,0.44,16,True,triggered
29,block_10,10,10,40,0.25,330,0.37333333333333335,16,True,triggered
29,maintenance_exhaustion,-1,60,60,1.0,330,0.0,0,False,triggered
30,block_1,1,1,42,0.023809523809523808,320,0.32,12,True,triggered
30,block_2,2,2,42,0.047619047619047616,320,0.30666666666666664,11,True,triggered
30,block_3,3,3,42,0.07142857142857142,320,0.29333333333333333,11,True,triggered
30,block_5,5,5,42,0.11904761904761904,320,0.26666666666666666,10,True,triggered
30,block_10,10,10,42,0.23809523809523808,320,0.2,7,False,triggered
30,maintenance_exhaustion,-1,54,54,1.0,320,0.0,0,False,triggered
31,block_1,1,0,0,0.0,250,0.88,66,False,no_replacement
31,block_2,2,0,0,0.0,250,0.88,66,False,no_replacement
31,block_3,3,0,0,0.0,250,0.88,66,False,no_replacement
31,block_5,5,0,0,0.0,250,0.88,66,False,no_replacement
31,block_10,10,0,0,0.0,250,0.88,66,False,no_replacement
31,maintenance_exhaustion,-1,0,0,0.0,250,0.88,66,False,no_replacement
32,block_1,1,1,48,0.020833333333333332,290,0.48,15,True,triggered
32,block_2,2,2,48,0.041666666666666664,290,0.4666666666666667,14,True,triggered
32,block_3,3,3,48,0.0625,290,0.4533333333333333,14,True,triggered
32,block_5,5,5,48,0.10416666666666667,290,0.4266666666666667,13,True,triggered
32,block_10,10,10,48,0.20833333333333334,290,0.36,10,True,triggered
32,maintenance_exhaustion,-1,61,61,1.0,290,0.0,0,False,triggered
33,block_1,1,0,0,0.0,250,0.88,66,False,no_replacement
33,block_2,2,0,0,0.0,250,0.88,66,False,no_replacement
33,block_3,3,0,0,0.0,250,0.88,66,False,no_replacement
33,block_5,5,0,0,0.0,250,0.88,66,False,no_replacement
33,block_10,10,0,0,0.0,250,0.88,66,False,no_replacement
33,maintenance_exhaustion,-1,0,0,0.0,250,0.88,66,False,no_replacement
34,block_1,1,1,69,0.014492753623188406,250,0.7333333333333333,30,True,triggered
34,block_2,2,2,69,0.028985507246376812,250,0.72,29,True,triggered
34,block_3,3,3,69,0.043478260869565216,250,0.7066666666666667,29,True,triggered
34,block_5,5,5,69,0.07246376811594203,250,0.68,28,True,triggered
34,block_10,10,10,69,0.14492753623188406,250,0.6133333333333333,25,True,triggered
34,maintenance_exhaustion,-1,69,69,1.0,250,0.0,0,False,triggered
35,block_1,1,1,40,0.025,280,0.4266666666666667,11,True,triggered
35,block_2,2,2,40,0.05,280,0.41333333333333333,11,True,triggered
35,block_3,3,3,40,0.075,280,0.4,11,True,triggered
35,block_5,5,5,40,0.125,280,0.37333333333333335,11,True,triggered
35,block_10,10,10,40,0.25,280,0.30666666666666664,11,True,triggered
35,maintenance_exhaustion,-1,55,55,1.0,280,0.0,0,False,triggered
36,block_1,1,1,39,0.02564102564102564,340,0.4666666666666667,15,True,triggered
36,block_2,2,2,39,0.05128205128205128,340,0.4533333333333333,14,True,triggered
36,block_3,3,3,39,0.07692307692307693,340,0.44,14,True,triggered
36,block_5,5,5,39,0.1282051282051282,340,0.41333333333333333,13,True,triggered
36,block_10,10,10,39,0.2564102564102564,340,0.3466666666666667,10,True,triggered
36,maintenance_exhaustion,-1,58,58,1.0,340,0.0,0,False,triggered
37,block_1,1,0,0,0.0,250,0.88,66,False,no_replacement
37,block_2,2,0,0,0.0,250,0.88,66,False,no_replacement
37,block_3,3,0,0,0.0,250,0.88,66,False,no_replacement
37,block_5,5,0,0,0.0,250,0.88,66,False,no_replacement
37,block_10,10,0,0,0.0,250,0.88,66,False,no_replacement
37,maintenance_exhaustion,-1,0,0,0.0,250,0.88,66,False,no_replacement
38,block_1,1,1,64,0.015625,310,0.6666666666666666,27,True,triggered
38,block_2,2,2,64,0.03125,310,0.6533333333333333,27,True,triggered
38,block_3,3,3,64,0.046875,310,0.64,26,True,triggered
38,block_5,5,5,64,0.078125,310,0.6133333333333333,25,True,triggered
38,block_10,10,10,64,0.15625,310,0.5466666666666666,23,True,triggered
38,maintenance_exhaustion,-1,64,64,1.0,310,0.0,0,False,triggered
39,block_1,1,1,69,0.014492753623188406,260,0.7333333333333333,30,True,triggered
39,block_2,2,2,69,0.028985507246376812,260,0.72,29,True,triggered
39,block_3,3,3,69,0.043478260869565216,260,0.7066666666666667,29,True,triggered
39,block_5,5,5,69,0.07246376811594203,260,0.68,28,True,triggered
39,block_10,10,10,69,0.14492753623188406,260,0.6133333333333333,25,True,triggered
39,maintenance_exhaustion,-1,69,69,1.0,260,0.0,0,False,triggered
40,block_1,1,1,68,0.014705882352941176,270,0.72,29,True,triggered
40,block_2,2,2,68,0.029411764705882353,270,0.7066666666666667,29,True,triggered
40,block_3,3,3,68,0.04411764705882353,270,0.6933333333333334,28,True,triggered
40,block_5,5,5,68,0.07352941176470588,270,0.6666666666666666,27,True,triggered
40,block_10,10,10,68,0.14705882352941177,270,0.6,25,True,triggered
40,maintenance_exhaustion,-1,68,68,1.0,270,0.0,0,False,triggered
41,block_1,1,1,35,0.02857142857142857,350,0.4666666666666667,19,True,triggered
41,block_2,2,2,35,0.05714285714285714,350,0.4533333333333333,19,True,triggered
41,block_3,3,3,35,0.08571428571428572,350,0.44,19,True,triggered
41,block_5,5,5,35,0.14285714285714285,350,0.41333333333333333,19,True,triggered
41,block_10,10,10,35,0.2857142857142857,350,0.3466666666666667,19,True,triggered
41,maintenance_exhaustion,-1,58,58,1.0,350,0.0,0,False,triggered
42,block_1,1,1,63,0.015873015873015872,320,0.6533333333333333,27,True,triggered
42,block_2,2,2,63,0.031746031746031744,320,0.64,26,True,triggered
42,block_3,3,3,63,0.047619047619047616,320,0.6266666666666667,26,True,triggered
42,block_5,5,5,63,0.07936507936507936,320,0.6,25,True,triggered
42,block_10,10,10,63,0.15873015873015872,320,0.5333333333333333,22,True,triggered
42,maintenance_exhaustion,-1,63,63,1.0,320,0.0,0,False,triggered
43,block_1,1,1,40,0.025,340,0.48,15,True,triggered
43,block_2,2,2,40,0.05,340,0.4666666666666667,15,True,triggered
43,block_3,3,3,40,0.075,340,0.4533333333333333,14,True,triggered
43,block_5,5,5,40,0.125,340,0.4266666666666667,13,True,triggered
43,block_10,10,10,40,0.25,340,0.36,11,True,triggered
43,maintenance_exhaustion,-1,59,59,1.0,340,0.0,0,False,triggered
44,block_1,1,1,66,0.015151515151515152,250,0.6933333333333334,28,True,triggered
44,block_2,2,2,66,0.030303030303030304,250,0.68,28,True,triggered
44,block_3,3,3,66,0.045454545454545456,250,0.6666666666666666,27,True,triggered
44,block_5,5,5,66,0.07575757575757576,250,0.64,26,True,triggered
44,block_10,10,10,66,0.15151515151515152,250,0.5733333333333334,24,True,triggered
44,maintenance_exhaustion,-1,66,66,1.0,250,0.0,0,False,triggered
45,block_1,1,0,0,0.0,250,0.88,66,False,no_replacement
45,block_2,2,0,0,0.0,250,0.88,66,False,no_replacement
45,block_3,3,0,0,0.0,250,0.88,66,False,no_replacement
45,block_5,5,0,0,0.0,250,0.88,66,False,no_replacement
45,block_10,10,0,0,0.0,250,0.88,66,False,no_replacement
45,maintenance_exhaustion,-1,0,0,0.0,250,0.88,66,False,no_replacement
46,block_1,1,0,0,0.0,250,0.88,66,False,no_replacement
46,block_2,2,0,0,0.0,250,0.88,66,False,no_replacement
46,block_3,3,0,0,0.0,250,0.88,66,False,no_replacement
46,block_5,5,0,0,0.0,250,0.88,66,False,no_replacement
46,block_10,10,0,0,0.0,250,0.88,66,False,no_replacement
46,maintenance_exhaustion,-1,0,0,0.0,250,0.88,66,False,no_replacement
47,block_1,1,1,68,0.014705882352941176,270,0.72,29,True,triggered
47,block_2,2,2,68,0.029411764705882353,270,0.7066666666666667,29,True,triggered
47,block_3,3,3,68,0.04411764705882353,270,0.6933333333333334,28,True,triggered
47,block_5,5,5,68,0.07352941176470588,270,0.6666666666666666,27,True,triggered
47,block_10,10,10,68,0.14705882352941177,270,0.6,25,True,triggered
47,maintenance_exhaustion,-1,68,68,1.0,270,0.0,0,False,triggered
48,block_1,1,1,50,0.02,280,0.5066666666666667,20,True,triggered
48,block_2,2,2,50,0.04,280,0.49333333333333335,20,True,triggered
48,block_3,3,3,50,0.06,280,0.48,19,True,triggered
48,block_5,5,5,50,0.1,280,0.4533333333333333,18,True,triggered
48,block_10,10,10,50,0.2,280,0.38666666666666666,16,True,triggered
48,maintenance_exhaustion,-1,61,61,1.0,280,0.0,0,False,triggered
49,block_1,1,1,45,0.022222222222222223,250,0.5866666666666667,18,True,triggered
49,block_2,2,2,45,0.044444444444444446,250,0.5733333333333334,18,True,triggered
49,block_3,3,3,45,0.06666666666666667,250,0.56,18,True,triggered
49,block_5,5,5,45,0.1111111111111111,250,0.5333333333333333,18,True,triggered
49,block_10,10,10,45,0.2222222222222222,250,0.4666666666666667,18,True,triggered
49,maintenance_exhaustion,-1,67,67,1.0,250,0.0,0,False,triggered
50,block_1,1,1,56,0.017857142857142856,390,0.56,23,True,triggered
50,block_2,2,2,56,0.03571428571428571,390,0.5466666666666666,23,True,triggered
50,block_3,3,3,56,0.05357142857142857,390,0.5333333333333333,22,True,triggered
50,block_5,5,5,56,0.08928571428571429,390,0.5066666666666667,21,True,triggered
50,block_10,10,10,56,0.17857142857142858,390,0.44,19,True,triggered
50,maintenance_exhaustion,-1,56,56,1.0,390,0.0,0,False,triggered
