run_id,mode,relock_window,n_recovery_windows,post_relock_locked_fraction,secondary_lock_drop_rate,post_relock_max_duration,recovery_quality_score,quality_class
1,block_3,64,22,1.0,0.0,22,1.0,stable
1,block_5,65,21,1.0,0.0,21,1.0,stable
1,block_10,68,18,1.0,0.0,18,1.0,stable
2,block_3,49,37,0.7027027027027027,0.2972972972972973,14,0.493791088385683,fragile
2,block_5,50,36,0.6944444444444444,0.3055555555555556,14,0.48225308641975306,fragile
2,block_10,52,34,0.6764705882352942,0.3235294117647059,14,0.4576124567474049,fragile
3,block_3,56,30,0.6333333333333333,0.36666666666666664,19,0.4011111111111111,fragile
3,block_5,57,29,0.6206896551724138,0.3793103448275862,18,0.38525564803804996,fragile
3,block_10,59,27,0.5925925925925926,0.4074074074074074,16,0.3511659807956104,fragile
4,block_3,62,24,1.0,0.0,24,1.0,stable
4,block_5,63,23,1.0,0.0,23,1.0,stable
4,block_10,66,20,1.0,0.0,20,1.0,stable
5,block_3,64,22,1.0,0.0,22,1.0,stable
5,block_5,65,21,1.0,0.0,21,1.0,stable
5,block_10,68,18,1.0,0.0,18,1.0,stable
6,block_3,79,7,1.0,0.0,7,1.0,stable
6,block_5,80,6,1.0,0.0,6,1.0,stable
6,block_10,83,3,1.0,0.0,3,1.0,stable
7,block_3,63,23,1.0,0.0,23,1.0,stable
7,block_5,64,22,1.0,0.0,22,1.0,stable
7,block_10,66,20,1.0,0.0,20,1.0,stable
9,block_3,62,24,1.0,0.0,24,1.0,stable
9,block_5,63,23,1.0,0.0,23,1.0,stable
9,block_10,66,20,1.0,0.0,20,1.0,stable
10,block_3,60,26,0.8846153846153846,0.11538461538461539,23,0.7825443786982248,stable
10,block_5,61,25,0.88,0.12,22,0.7744,stable
10,block_10,63,23,0.8695652173913043,0.13043478260869565,20,0.7561436672967864,stable
11,block_3,47,39,0.6923076923076923,0.3076923076923077,19,0.4792899408284023,fragile
11,block_5,48,38,0.6842105263157895,0.3157894736842105,19,0.46814404432132967,fragile
11,block_10,50,36,0.6666666666666666,0.3333333333333333,19,0.4444444444444445,fragile
12,block_3,72,14,1.0,0.0,14,1.0,stable
12,block_5,73,13,1.0,0.0,13,1.0,stable
12,block_10,76,10,1.0,0.0,10,1.0,stable
13,block_3,64,22,1.0,0.0,22,1.0,stable
13,block_5,65,21,1.0,0.0,21,1.0,stable
13,block_10,68,18,1.0,0.0,18,1.0,stable
14,block_3,80,6,1.0,0.0,6,1.0,stable
14,block_5,81,5,1.0,0.0,5,1.0,stable
14,block_10,84,2,1.0,0.0,2,1.0,stable
15,block_3,45,41,0.2926829268292683,0.7073170731707317,9,0.08566329565734683,collapse
15,block_5,46,40,0.275,0.725,8,0.07562500000000001,collapse
15,block_10,49,37,0.21621621621621623,0.7837837837837838,5,0.04674945215485757,collapse
16,block_3,59,27,0.6666666666666666,0.3333333333333333,18,0.4444444444444445,fragile
16,block_5,60,26,0.6538461538461539,0.34615384615384615,17,0.4275147928994083,fragile
16,block_10,63,23,0.6086956521739131,0.391304347826087,14,0.37051039697542537,fragile
18,block_3,67,19,1.0,0.0,19,1.0,stable
18,block_5,68,18,1.0,0.0,18,1.0,stable
18,block_10,70,16,1.0,0.0,16,1.0,stable
19,block_3,56,30,0.6666666666666666,0.3333333333333333,18,0.4444444444444445,fragile
19,block_5,57,29,0.6551724137931034,0.3448275862068966,17,0.42925089179548154,fragile
19,block_10,59,27,0.6296296296296297,0.37037037037037035,15,0.3964334705075446,fragile
21,block_3,69,17,1.0,0.0,17,1.0,stable
21,block_5,70,16,1.0,0.0,16,1.0,stable
21,block_10,72,14,1.0,0.0,14,1.0,stable
22,block_3,37,49,0.20408163265306123,0.7959183673469388,7,0.04164931278633903,collapse
22,block_5,67,19,0.47368421052631576,0.5263157894736842,7,0.22437673130193905,collapse
22,block_10,67,19,0.47368421052631576,0.5263157894736842,7,0.22437673130193905,collapse
23,block_3,61,25,0.52,0.48,9,0.27040000000000003,collapse
23,block_5,62,24,0.5,0.5,8,0.25,collapse
23,block_10,64,22,0.45454545454545453,0.5454545454545454,6,0.2066115702479339,collapse
24,block_3,52,34,0.47058823529411764,0.5294117647058824,16,0.22145328719723184,collapse
24,block_5,53,33,0.45454545454545453,0.5454545454545454,15,0.2066115702479339,collapse
24,block_10,56,30,0.4,0.6,12,0.16000000000000003,collapse
25,block_3,62,24,0.75,0.25,18,0.5625,fragile
25,block_5,63,23,0.7391304347826086,0.2608695652173913,17,0.546313799621928,fragile
25,block_10,66,20,0.7,0.3,14,0.48999999999999994,fragile
26,block_3,69,17,1.0,0.0,17,1.0,stable
26,block_5,70,16,1.0,0.0,16,1.0,stable
26,block_10,73,13,1.0,0.0,13,1.0,stable
27,block_3,62,24,1.0,0.0,24,1.0,stable
27,block_5,63,23,1.0,0.0,23,1.0,stable
27,block_10,65,21,1.0,0.0,21,1.0,stable
28,block_3,65,21,1.0,0.0,21,1.0,stable
28,block_5,66,20,1.0,0.0,20,1.0,stable
28,block_10,69,17,1.0,0.0,17,1.0,stable
29,block_3,76,10,1.0,0.0,10,1.0,stable
29,block_5,77,9,1.0,0.0,9,1.0,stable
29,block_10,80,6,1.0,0.0,6,1.0,stable
30,block_3,58,28,0.42857142857142855,0.5714285714285714,11,0.1836734693877551,collapse
30,block_5,59,27,0.4074074074074074,0.5925925925925926,10,0.16598079561042525,collapse
30,block_10,62,24,0.3333333333333333,0.6666666666666666,7,0.11111111111111112,collapse
32,block_3,72,14,1.0,0.0,14,1.0,stable
32,block_5,73,13,1.0,0.0,13,1.0,stable
32,block_10,76,10,1.0,0.0,10,1.0,stable
34,block_3,61,25,0.96,0.04,24,0.9216,stable
34,block_5,62,24,0.9583333333333334,0.041666666666666664,23,0.9184027777777779,stable
34,block_10,64,22,0.9545454545454546,0.045454545454545456,21,0.9111570247933886,stable
35,block_3,76,10,1.0,0.0,10,1.0,stable
35,block_5,77,9,1.0,0.0,9,1.0,stable
35,block_10,80,6,1.0,0.0,6,1.0,stable
36,block_3,55,31,0.6129032258064516,0.3870967741935484,10,0.3756503642039542,fragile
36,block_5,56,30,0.6,0.4,10,0.36,fragile
36,block_10,58,28,0.5714285714285714,0.42857142857142855,10,0.32653061224489793,fragile
38,block_3,64,22,1.0,0.0,22,1.0,stable
38,block_5,65,21,1.0,0.0,21,1.0,stable
38,block_10,68,18,1.0,0.0,18,1.0,stable
39,block_3,62,24,1.0,0.0,24,1.0,stable
39,block_5,63,23,1.0,0.0,23,1.0,stable
39,block_10,65,21,1.0,0.0,21,1.0,stable
40,block_3,62,24,1.0,0.0,24,1.0,stable
40,block_5,63,23,1.0,0.0,23,1.0,stable
40,block_10,66,20,1.0,0.0,20,1.0,stable
41,block_3,79,7,1.0,0.0,7,1.0,stable
41,block_5,80,6,1.0,0.0,6,1.0,stable
41,block_10,82,4,1.0,0.0,4,1.0,stable
42,block_3,65,21,1.0,0.0,21,1.0,stable
42,block_5,66,20,1.0,0.0,20,1.0,stable
42,block_10,68,18,1.0,0.0,18,1.0,stable
43,block_3,55,31,0.6451612903225806,0.3548387096774194,10,0.4162330905306972,fragile
43,block_5,56,30,0.6333333333333333,0.36666666666666664,10,0.4011111111111111,fragile
43,block_10,59,27,0.5925925925925926,0.4074074074074074,10,0.3511659807956104,fragile
44,block_3,59,27,0.8518518518518519,0.14814814814814814,23,0.7256515775034293,stable
44,block_5,60,26,0.8461538461538461,0.15384615384615385,22,0.7159763313609467,stable
44,block_10,63,23,0.8260869565217391,0.17391304347826086,19,0.6824196597353497,fragile
47,block_3,62,24,1.0,0.0,24,1.0,stable
47,block_5,63,23,1.0,0.0,23,1.0,stable
47,block_10,66,20,1.0,0.0,20,1.0,stable
48,block_3,54,32,0.53125,0.46875,15,0.2822265625,collapse
48,block_5,55,31,0.5161290322580645,0.4838709677419355,14,0.26638917793964617,collapse
48,block_10,58,28,0.4642857142857143,0.5357142857142857,11,0.21556122448979592,collapse
49,block_3,74,12,1.0,0.0,12,1.0,stable
49,block_5,75,11,1.0,0.0,11,1.0,stable
49,block_10,77,9,1.0,0.0,9,1.0,stable
50,block_3,68,18,1.0,0.0,18,1.0,stable
50,block_5,69,17,1.0,0.0,17,1.0,stable
50,block_10,72,14,1.0,0.0,14,1.0,stable
