run_id,population,attack_mode,relock_window,first_drop_window,relock_to_drop_latency,drop_position_fraction,post_relock_max_duration,secondary_drop_count,secondary_drop_rate,labels
1,A,block_3,64.0,,22.0,1.0,22,0.0,0.0,stable_floor
1,A,block_5,65.0,,21.0,1.0,21,0.0,0.0,stable_floor
1,A,block_10,68.0,,18.0,1.0,18,0.0,0.0,stable_floor
1,A,block_15,70.0,,16.0,1.0,16,0.0,0.0,stable_floor
1,A,block_20,73.0,,13.0,1.0,13,0.0,0.0,stable_floor
2,A,block_3,49.0,61.0,12.0,0.32432432432432434,14,1.0,0.02702702702702703,oscillatory
2,A,block_5,50.0,61.0,11.0,0.3055555555555556,14,1.0,0.027777777777777776,oscillatory
2,A,block_10,52.0,61.0,9.0,0.2647058823529412,14,1.0,0.029411764705882353,early_break;oscillatory
2,A,block_15,55.0,61.0,6.0,0.1935483870967742,14,1.0,0.03225806451612903,early_break;oscillatory
2,A,block_20,57.0,61.0,4.0,0.13793103448275862,14,1.0,0.034482758620689655,early_break;oscillatory
3,A,block_3,56.0,75.0,19.0,0.6333333333333333,19,1.0,0.03333333333333333,oscillatory
3,A,block_5,57.0,75.0,18.0,0.6206896551724138,18,1.0,0.034482758620689655,oscillatory
3,A,block_10,59.0,75.0,16.0,0.5925925925925926,16,1.0,0.037037037037037035,oscillatory
3,A,block_15,62.0,75.0,13.0,0.5416666666666666,13,1.0,0.041666666666666664,oscillatory
3,A,block_20,64.0,75.0,11.0,0.5,11,1.0,0.045454545454545456,oscillatory
4,A,block_3,62.0,,24.0,1.0,24,0.0,0.0,stable_floor
4,A,block_5,63.0,,23.0,1.0,23,0.0,0.0,stable_floor
4,A,block_10,66.0,,20.0,1.0,20,0.0,0.0,stable_floor
4,A,block_15,68.0,,18.0,1.0,18,0.0,0.0,stable_floor
4,A,block_20,71.0,,15.0,1.0,15,0.0,0.0,stable_floor
5,A,block_3,64.0,,22.0,1.0,22,0.0,0.0,stable_floor
5,A,block_5,65.0,,21.0,1.0,21,0.0,0.0,stable_floor
5,A,block_10,68.0,,18.0,1.0,18,0.0,0.0,stable_floor
5,A,block_15,70.0,,16.0,1.0,16,0.0,0.0,stable_floor
5,A,block_20,73.0,,13.0,1.0,13,0.0,0.0,stable_floor
6,A,block_3,79.0,,7.0,1.0,7,0.0,0.0,stable_floor
6,A,block_5,80.0,,6.0,1.0,6,0.0,0.0,stable_floor
6,A,block_10,83.0,,3.0,1.0,3,0.0,0.0,stable_floor
6,A,block_15,85.0,,1.0,1.0,1,0.0,0.0,stable_floor
6,A,block_20,,,,,0,,,none
7,A,block_3,63.0,,23.0,1.0,23,0.0,0.0,stable_floor
7,A,block_5,64.0,,22.0,1.0,22,0.0,0.0,stable_floor
7,A,block_10,66.0,,20.0,1.0,20,0.0,0.0,stable_floor
7,A,block_15,69.0,,17.0,1.0,17,0.0,0.0,stable_floor
7,A,block_20,71.0,,15.0,1.0,15,0.0,0.0,stable_floor
8,A,block_3,61.0,,25.0,1.0,25,0.0,0.0,stable_floor
8,A,block_5,62.0,,24.0,1.0,24,0.0,0.0,stable_floor
8,A,block_10,65.0,,21.0,1.0,21,0.0,0.0,stable_floor
8,A,block_15,67.0,,19.0,1.0,19,0.0,0.0,stable_floor
8,A,block_20,70.0,,16.0,1.0,16,0.0,0.0,stable_floor
9,A,block_3,62.0,,24.0,1.0,24,0.0,0.0,stable_floor
9,A,block_5,63.0,,23.0,1.0,23,0.0,0.0,stable_floor
9,A,block_10,66.0,,20.0,1.0,20,0.0,0.0,stable_floor
9,A,block_15,68.0,,18.0,1.0,18,0.0,0.0,stable_floor
9,A,block_20,71.0,,15.0,1.0,15,0.0,0.0,stable_floor
10,A,block_3,60.0,83.0,23.0,0.8846153846153846,23,1.0,0.038461538461538464,stable_floor;oscillatory
10,A,block_5,61.0,83.0,22.0,0.88,22,1.0,0.04,stable_floor;oscillatory
10,A,block_10,63.0,83.0,20.0,0.8695652173913043,20,1.0,0.043478260869565216,stable_floor;oscillatory
10,A,block_15,66.0,83.0,17.0,0.85,17,1.0,0.05,stable_floor;oscillatory
10,A,block_20,68.0,83.0,15.0,0.8333333333333334,15,1.0,0.05555555555555555,stable_floor;oscillatory
11,A,block_3,47.0,55.0,8.0,0.20512820512820512,19,1.0,0.02564102564102564,early_break;oscillatory
11,A,block_5,48.0,55.0,7.0,0.18421052631578946,19,1.0,0.02631578947368421,early_break;oscillatory
11,A,block_10,50.0,55.0,5.0,0.1388888888888889,19,1.0,0.027777777777777776,early_break;oscillatory
11,A,block_15,53.0,55.0,2.0,0.06060606060606061,19,1.0,0.030303030303030304,early_break;oscillatory
11,A,block_20,67.0,,19.0,1.0,19,0.0,0.0,stable_floor
12,A,block_3,72.0,,14.0,1.0,14,0.0,0.0,stable_floor
12,A,block_5,73.0,,13.0,1.0,13,0.0,0.0,stable_floor
12,A,block_10,76.0,,10.0,1.0,10,0.0,0.0,stable_floor
12,A,block_15,78.0,,8.0,1.0,8,0.0,0.0,stable_floor
12,A,block_20,81.0,,5.0,1.0,5,0.0,0.0,stable_floor
13,A,block_3,64.0,,22.0,1.0,22,0.0,0.0,stable_floor
13,A,block_5,65.0,,21.0,1.0,21,0.0,0.0,stable_floor
13,A,block_10,68.0,,18.0,1.0,18,0.0,0.0,stable_floor
13,A,block_15,70.0,,16.0,1.0,16,0.0,0.0,stable_floor
13,A,block_20,73.0,,13.0,1.0,13,0.0,0.0,stable_floor
14,A,block_3,80.0,,6.0,1.0,6,0.0,0.0,stable_floor
14,A,block_5,81.0,,5.0,1.0,5,0.0,0.0,stable_floor
14,A,block_10,84.0,,2.0,1.0,2,0.0,0.0,stable_floor
14,A,block_15,,,,,0,,,none
14,A,block_20,,,,,0,,,none
15,B,block_3,45.0,54.0,9.0,0.21951219512195122,9,2.0,0.04878048780487805,early_break;oscillatory;persistent_floor
15,B,block_5,46.0,54.0,8.0,0.2,8,2.0,0.05,early_break;oscillatory;persistent_floor
15,B,block_10,49.0,54.0,5.0,0.13513513513513514,5,2.0,0.05405405405405406,early_break;oscillatory;persistent_floor
15,B,block_15,51.0,54.0,3.0,0.08571428571428572,3,2.0,0.05714285714285714,early_break;oscillatory;persistent_floor
15,B,block_20,64.0,67.0,3.0,0.13636363636363635,3,1.0,0.045454545454545456,early_break;oscillatory;persistent_floor
16,A,block_3,59.0,77.0,18.0,0.6666666666666666,18,1.0,0.037037037037037035,oscillatory
16,A,block_5,60.0,77.0,17.0,0.6538461538461539,17,1.0,0.038461538461538464,oscillatory
16,A,block_10,63.0,77.0,14.0,0.6086956521739131,14,1.0,0.043478260869565216,oscillatory
16,A,block_15,65.0,77.0,12.0,0.5714285714285714,12,1.0,0.047619047619047616,oscillatory
16,A,block_20,68.0,77.0,9.0,0.5,9,1.0,0.05555555555555555,oscillatory
17,A,block_3,61.0,,25.0,1.0,25,0.0,0.0,stable_floor
17,A,block_5,62.0,,24.0,1.0,24,0.0,0.0,stable_floor
17,A,block_10,65.0,,21.0,1.0,21,0.0,0.0,stable_floor
17,A,block_15,67.0,,19.0,1.0,19,0.0,0.0,stable_floor
17,A,block_20,70.0,,16.0,1.0,16,0.0,0.0,stable_floor
18,A,block_3,67.0,,19.0,1.0,19,0.0,0.0,stable_floor
18,A,block_5,68.0,,18.0,1.0,18,0.0,0.0,stable_floor
18,A,block_10,70.0,,16.0,1.0,16,0.0,0.0,stable_floor
18,A,block_15,73.0,,13.0,1.0,13,0.0,0.0,stable_floor
18,A,block_20,75.0,,11.0,1.0,11,0.0,0.0,stable_floor
19,A,block_3,56.0,74.0,18.0,0.6,18,1.0,0.03333333333333333,oscillatory
19,A,block_5,57.0,74.0,17.0,0.5862068965517241,17,1.0,0.034482758620689655,oscillatory
19,A,block_10,59.0,74.0,15.0,0.5555555555555556,15,1.0,0.037037037037037035,oscillatory
19,A,block_15,62.0,74.0,12.0,0.5,12,1.0,0.041666666666666664,oscillatory
19,A,block_20,64.0,74.0,10.0,0.45454545454545453,10,1.0,0.045454545454545456,oscillatory
20,A,block_3,61.0,,25.0,1.0,25,0.0,0.0,stable_floor
20,A,block_5,62.0,,24.0,1.0,24,0.0,0.0,stable_floor
20,A,block_10,65.0,,21.0,1.0,21,0.0,0.0,stable_floor
20,A,block_15,67.0,,19.0,1.0,19,0.0,0.0,stable_floor
20,A,block_20,70.0,,16.0,1.0,16,0.0,0.0,stable_floor
21,A,block_3,69.0,,17.0,1.0,17,0.0,0.0,stable_floor
21,A,block_5,70.0,,16.0,1.0,16,0.0,0.0,stable_floor
21,A,block_10,72.0,,14.0,1.0,14,0.0,0.0,stable_floor
21,A,block_15,75.0,,11.0,1.0,11,0.0,0.0,stable_floor
21,A,block_20,77.0,,9.0,1.0,9,0.0,0.0,stable_floor
22,B,block_3,37.0,38.0,1.0,0.02040816326530612,7,2.0,0.04081632653061224,early_break;oscillatory;persistent_floor
22,B,block_5,67.0,74.0,7.0,0.3684210526315789,7,1.0,0.05263157894736842,oscillatory
22,B,block_10,67.0,74.0,7.0,0.3684210526315789,7,1.0,0.05263157894736842,oscillatory
22,B,block_15,67.0,74.0,7.0,0.3684210526315789,7,1.0,0.05263157894736842,oscillatory
22,B,block_20,67.0,74.0,7.0,0.3684210526315789,7,1.0,0.05263157894736842,oscillatory
23,B,block_3,61.0,70.0,9.0,0.36,9,1.0,0.04,oscillatory
23,B,block_5,62.0,70.0,8.0,0.3333333333333333,8,1.0,0.041666666666666664,oscillatory
23,B,block_10,64.0,70.0,6.0,0.2727272727272727,6,1.0,0.045454545454545456,early_break;oscillatory;persistent_floor
23,B,block_15,67.0,70.0,3.0,0.15789473684210525,4,1.0,0.05263157894736842,early_break;oscillatory;persistent_floor
23,B,block_20,69.0,70.0,1.0,0.058823529411764705,4,1.0,0.058823529411764705,early_break;oscillatory;persistent_floor
24,B,block_3,52.0,68.0,16.0,0.47058823529411764,16,1.0,0.029411764705882353,oscillatory
24,B,block_5,53.0,68.0,15.0,0.45454545454545453,15,1.0,0.030303030303030304,oscillatory
24,B,block_10,56.0,68.0,12.0,0.4,12,1.0,0.03333333333333333,oscillatory
24,B,block_15,58.0,68.0,10.0,0.35714285714285715,10,1.0,0.03571428571428571,oscillatory
24,B,block_20,61.0,68.0,7.0,0.28,7,1.0,0.04,early_break;oscillatory;persistent_floor
25,A,block_3,62.0,80.0,18.0,0.75,18,1.0,0.041666666666666664,stable_floor;oscillatory
25,A,block_5,63.0,80.0,17.0,0.7391304347826086,17,1.0,0.043478260869565216,stable_floor;oscillatory
25,A,block_10,66.0,80.0,14.0,0.7,14,1.0,0.05,oscillatory
25,A,block_15,68.0,80.0,12.0,0.6666666666666666,12,1.0,0.05555555555555555,oscillatory
25,A,block_20,71.0,80.0,9.0,0.6,9,1.0,0.06666666666666667,oscillatory
26,A,block_3,69.0,,17.0,1.0,17,0.0,0.0,stable_floor
26,A,block_5,70.0,,16.0,1.0,16,0.0,0.0,stable_floor
26,A,block_10,73.0,,13.0,1.0,13,0.0,0.0,stable_floor
26,A,block_15,75.0,,11.0,1.0,11,0.0,0.0,stable_floor
26,A,block_20,78.0,,8.0,1.0,8,0.0,0.0,stable_floor
27,A,block_3,62.0,,24.0,1.0,24,0.0,0.0,stable_floor
27,A,block_5,63.0,,23.0,1.0,23,0.0,0.0,stable_floor
27,A,block_10,65.0,,21.0,1.0,21,0.0,0.0,stable_floor
27,A,block_15,68.0,,18.0,1.0,18,0.0,0.0,stable_floor
27,A,block_20,70.0,,16.0,1.0,16,0.0,0.0,stable_floor
28,A,block_3,65.0,,21.0,1.0,21,0.0,0.0,stable_floor
28,A,block_5,66.0,,20.0,1.0,20,0.0,0.0,stable_floor
28,A,block_10,69.0,,17.0,1.0,17,0.0,0.0,stable_floor
28,A,block_15,71.0,,15.0,1.0,15,0.0,0.0,stable_floor
28,A,block_20,74.0,,12.0,1.0,12,0.0,0.0,stable_floor
29,A,block_3,76.0,,10.0,1.0,10,0.0,0.0,stable_floor
29,A,block_5,77.0,,9.0,1.0,9,0.0,0.0,stable_floor
29,A,block_10,80.0,,6.0,1.0,6,0.0,0.0,stable_floor
29,A,block_15,82.0,,4.0,1.0,4,0.0,0.0,stable_floor
29,A,block_20,85.0,,1.0,1.0,1,0.0,0.0,stable_floor
30,B,block_3,58.0,69.0,11.0,0.39285714285714285,11,1.0,0.03571428571428571,oscillatory
30,B,block_5,59.0,69.0,10.0,0.37037037037037035,10,1.0,0.037037037037037035,oscillatory
30,B,block_10,62.0,69.0,7.0,0.2916666666666667,7,1.0,0.041666666666666664,early_break;oscillatory;persistent_floor
30,B,block_15,64.0,69.0,5.0,0.22727272727272727,5,1.0,0.045454545454545456,early_break;oscillatory;persistent_floor
30,B,block_20,67.0,69.0,2.0,0.10526315789473684,2,1.0,0.05263157894736842,early_break;oscillatory;persistent_floor
31,A,block_3,61.0,,25.0,1.0,25,0.0,0.0,stable_floor
31,A,block_5,62.0,,24.0,1.0,24,0.0,0.0,stable_floor
31,A,block_10,65.0,,21.0,1.0,21,0.0,0.0,stable_floor
31,A,block_15,67.0,,19.0,1.0,19,0.0,0.0,stable_floor
31,A,block_20,70.0,,16.0,1.0,16,0.0,0.0,stable_floor
32,A,block_3,72.0,,14.0,1.0,14,0.0,0.0,stable_floor
32,A,block_5,73.0,,13.0,1.0,13,0.0,0.0,stable_floor
32,A,block_10,76.0,,10.0,1.0,10,0.0,0.0,stable_floor
32,A,block_15,78.0,,8.0,1.0,8,0.0,0.0,stable_floor
32,A,block_20,81.0,,5.0,1.0,5,0.0,0.0,stable_floor
33,A,block_3,61.0,,25.0,1.0,25,0.0,0.0,stable_floor
33,A,block_5,62.0,,24.0,1.0,24,0.0,0.0,stable_floor
33,A,block_10,65.0,,21.0,1.0,21,0.0,0.0,stable_floor
33,A,block_15,67.0,,19.0,1.0,19,0.0,0.0,stable_floor
33,A,block_20,70.0,,16.0,1.0,16,0.0,0.0,stable_floor
34,A,block_3,61.0,85.0,24.0,0.96,24,1.0,0.04,stable_floor;oscillatory
34,A,block_5,62.0,85.0,23.0,0.9583333333333334,23,1.0,0.041666666666666664,stable_floor;oscillatory
34,A,block_10,64.0,85.0,21.0,0.9545454545454546,21,1.0,0.045454545454545456,stable_floor;oscillatory
34,A,block_15,67.0,85.0,18.0,0.9473684210526315,18,1.0,0.05263157894736842,stable_floor;oscillatory
34,A,block_20,69.0,85.0,16.0,0.9411764705882353,16,1.0,0.058823529411764705,stable_floor;oscillatory
35,A,block_3,76.0,,10.0,1.0,10,0.0,0.0,stable_floor
35,A,block_5,77.0,,9.0,1.0,9,0.0,0.0,stable_floor
35,A,block_10,80.0,,6.0,1.0,6,0.0,0.0,stable_floor
35,A,block_15,82.0,,4.0,1.0,4,0.0,0.0,stable_floor
35,A,block_20,85.0,,1.0,1.0,1,0.0,0.0,stable_floor
36,A,block_3,55.0,64.0,9.0,0.2903225806451613,10,1.0,0.03225806451612903,early_break;oscillatory
36,A,block_5,56.0,64.0,8.0,0.26666666666666666,10,1.0,0.03333333333333333,early_break;oscillatory
36,A,block_10,58.0,64.0,6.0,0.21428571428571427,10,1.0,0.03571428571428571,early_break;oscillatory
36,A,block_15,61.0,64.0,3.0,0.12,10,1.0,0.04,early_break;oscillatory;persistent_floor
36,A,block_20,63.0,64.0,1.0,0.043478260869565216,10,1.0,0.043478260869565216,early_break;oscillatory;persistent_floor
37,A,block_3,61.0,,25.0,1.0,25,0.0,0.0,stable_floor
37,A,block_5,62.0,,24.0,1.0,24,0.0,0.0,stable_floor
37,A,block_10,65.0,,21.0,1.0,21,0.0,0.0,stable_floor
37,A,block_15,67.0,,19.0,1.0,19,0.0,0.0,stable_floor
37,A,block_20,70.0,,16.0,1.0,16,0.0,0.0,stable_floor
38,A,block_3,64.0,,22.0,1.0,22,0.0,0.0,stable_floor
38,A,block_5,65.0,,21.0,1.0,21,0.0,0.0,stable_floor
38,A,block_10,68.0,,18.0,1.0,18,0.0,0.0,stable_floor
38,A,block_15,70.0,,16.0,1.0,16,0.0,0.0,stable_floor
38,A,block_20,73.0,,13.0,1.0,13,0.0,0.0,stable_floor
39,A,block_3,62.0,,24.0,1.0,24,0.0,0.0,stable_floor
39,A,block_5,63.0,,23.0,1.0,23,0.0,0.0,stable_floor
39,A,block_10,65.0,,21.0,1.0,21,0.0,0.0,stable_floor
39,A,block_15,68.0,,18.0,1.0,18,0.0,0.0,stable_floor
39,A,block_20,70.0,,16.0,1.0,16,0.0,0.0,stable_floor
40,A,block_3,62.0,,24.0,1.0,24,0.0,0.0,stable_floor
40,A,block_5,63.0,,23.0,1.0,23,0.0,0.0,stable_floor
40,A,block_10,66.0,,20.0,1.0,20,0.0,0.0,stable_floor
40,A,block_15,68.0,,18.0,1.0,18,0.0,0.0,stable_floor
40,A,block_20,71.0,,15.0,1.0,15,0.0,0.0,stable_floor
41,A,block_3,79.0,,7.0,1.0,7,0.0,0.0,stable_floor
41,A,block_5,80.0,,6.0,1.0,6,0.0,0.0,stable_floor
41,A,block_10,82.0,,4.0,1.0,4,0.0,0.0,stable_floor
41,A,block_15,85.0,,1.0,1.0,1,0.0,0.0,stable_floor
41,A,block_20,,,,,0,,,none
42,A,block_3,65.0,,21.0,1.0,21,0.0,0.0,stable_floor
42,A,block_5,66.0,,20.0,1.0,20,0.0,0.0,stable_floor
42,A,block_10,68.0,,18.0,1.0,18,0.0,0.0,stable_floor
42,A,block_15,71.0,,15.0,1.0,15,0.0,0.0,stable_floor
42,A,block_20,73.0,,13.0,1.0,13,0.0,0.0,stable_floor
43,A,block_3,55.0,65.0,10.0,0.3225806451612903,10,1.0,0.03225806451612903,oscillatory
43,A,block_5,56.0,65.0,9.0,0.3,10,1.0,0.03333333333333333,oscillatory
43,A,block_10,59.0,65.0,6.0,0.2222222222222222,10,1.0,0.037037037037037035,early_break;oscillatory
43,A,block_15,61.0,65.0,4.0,0.16,10,1.0,0.04,early_break;oscillatory
43,A,block_20,64.0,65.0,1.0,0.045454545454545456,10,1.0,0.045454545454545456,early_break;oscillatory;persistent_floor
44,A,block_3,59.0,82.0,23.0,0.8518518518518519,23,1.0,0.037037037037037035,stable_floor;oscillatory
44,A,block_5,60.0,82.0,22.0,0.8461538461538461,22,1.0,0.038461538461538464,stable_floor;oscillatory
44,A,block_10,63.0,82.0,19.0,0.8260869565217391,19,1.0,0.043478260869565216,stable_floor;oscillatory
44,A,block_15,65.0,82.0,17.0,0.8095238095238095,17,1.0,0.047619047619047616,stable_floor;oscillatory
44,A,block_20,68.0,82.0,14.0,0.7777777777777778,14,1.0,0.05555555555555555,stable_floor;oscillatory
45,A,block_3,61.0,,25.0,1.0,25,0.0,0.0,stable_floor
45,A,block_5,62.0,,24.0,1.0,24,0.0,0.0,stable_floor
45,A,block_10,65.0,,21.0,1.0,21,0.0,0.0,stable_floor
45,A,block_15,67.0,,19.0,1.0,19,0.0,0.0,stable_floor
45,A,block_20,70.0,,16.0,1.0,16,0.0,0.0,stable_floor
46,A,block_3,61.0,,25.0,1.0,25,0.0,0.0,stable_floor
46,A,block_5,62.0,,24.0,1.0,24,0.0,0.0,stable_floor
46,A,block_10,65.0,,21.0,1.0,21,0.0,0.0,stable_floor
46,A,block_15,67.0,,19.0,1.0,19,0.0,0.0,stable_floor
46,A,block_20,70.0,,16.0,1.0,16,0.0,0.0,stable_floor
47,A,block_3,62.0,,24.0,1.0,24,0.0,0.0,stable_floor
47,A,block_5,63.0,,23.0,1.0,23,0.0,0.0,stable_floor
47,A,block_10,66.0,,20.0,1.0,20,0.0,0.0,stable_floor
47,A,block_15,68.0,,18.0,1.0,18,0.0,0.0,stable_floor
47,A,block_20,71.0,,15.0,1.0,15,0.0,0.0,stable_floor
48,B,block_3,54.0,69.0,15.0,0.46875,15,1.0,0.03125,oscillatory
48,B,block_5,55.0,69.0,14.0,0.45161290322580644,14,1.0,0.03225806451612903,oscillatory
48,B,block_10,58.0,69.0,11.0,0.39285714285714285,11,1.0,0.03571428571428571,oscillatory
48,B,block_15,60.0,69.0,9.0,0.34615384615384615,9,1.0,0.038461538461538464,oscillatory
48,B,block_20,63.0,69.0,6.0,0.2608695652173913,6,1.0,0.043478260869565216,early_break;oscillatory;persistent_floor
49,A,block_3,74.0,,12.0,1.0,12,0.0,0.0,stable_floor
49,A,block_5,75.0,,11.0,1.0,11,0.0,0.0,stable_floor
49,A,block_10,77.0,,9.0,1.0,9,0.0,0.0,stable_floor
49,A,block_15,80.0,,6.0,1.0,6,0.0,0.0,stable_floor
49,A,block_20,82.0,,4.0,1.0,4,0.0,0.0,stable_floor
50,A,block_3,68.0,,18.0,1.0,18,0.0,0.0,stable_floor
50,A,block_5,69.0,,17.0,1.0,17,0.0,0.0,stable_floor
50,A,block_10,72.0,,14.0,1.0,14,0.0,0.0,stable_floor
50,A,block_15,74.0,,12.0,1.0,12,0.0,0.0,stable_floor
50,A,block_20,77.0,,9.0,1.0,9,0.0,0.0,stable_floor
