subset_size,subset_id,variables,normal_mass,f13_mass,delta_mass,retention_ratio
5,1,"xmeas_18,xmeas_26,xmeas_30,xmeas_4,xmeas_41",0.13635410468054515,0.14806648719414545,0.011712382513600295,1.0858968084052236
5,2,"xmeas_21,xmeas_30,xmeas_32,xmeas_39,xmeas_4",0.13935858427546094,0.13969995211606698,0.0003413678406060383,1.002449563779195
5,3,"xmeas_15,xmeas_18,xmeas_20,xmeas_32,xmeas_8",0.13104443501625396,0.29815629896302825,0.1671118639467743,2.2752305254208136
5,4,"xmeas_10,xmeas_18,xmeas_19,xmeas_21,xmeas_31",0.13932169089545812,0.6855864796695946,0.5462647887741365,4.920888303688079
5,5,"xmeas_11,xmeas_26,xmeas_32,xmeas_38,xmeas_7",0.13699098674107324,0.8095312083711086,0.6725402216300354,5.909375697178286
5,6,"xmeas_17,xmeas_28,xmeas_32,xmeas_35,xmeas_36",0.16982077786161717,0.17626818536316186,0.006447407501544683,1.0379659513926023
5,7,"xmeas_19,xmeas_2,xmeas_22,xmeas_31,xmeas_7",0.13246549179653455,0.35412429636300274,0.2216588045664682,2.6733324377008336
5,8,"xmeas_13,xmeas_16,xmeas_36,xmeas_37,xmeas_41",0.16651615244065665,0.19339140451439188,0.02687525207373523,1.1613972672541384
5,9,"xmeas_14,xmeas_18,xmeas_20,xmeas_27,xmeas_5",0.13078878721102788,0.3036053611427766,0.1728165739317487,2.3213408992070157
5,10,"xmeas_17,xmeas_26,xmeas_29,xmeas_33,xmeas_7",0.1550546415874547,0.1770405020973402,0.02198586050988552,1.141794274396523
5,11,"xmeas_16,xmeas_17,xmeas_31,xmeas_33,xmeas_37",0.14195222393342738,0.16802726458262554,0.02607504064919816,1.1836888483202483
5,12,"xmeas_1,xmeas_32,xmeas_33,xmeas_6,xmeas_8",0.15291028784956573,0.18293008479998785,0.030019796950422117,1.1963229371481108
5,13,"xmeas_11,xmeas_18,xmeas_23,xmeas_27,xmeas_32",0.1565078508077028,0.18454610394723747,0.028038253139534675,1.1791491792706912
5,14,"xmeas_10,xmeas_18,xmeas_28,xmeas_5,xmeas_6",0.1400780980986384,0.15240500772692817,0.012326909628289778,1.088000263330314
5,15,"xmeas_23,xmeas_24,xmeas_26,xmeas_3,xmeas_30",0.17433135277112446,0.17449252673671023,0.0001611739655857647,1.000924525984175
5,16,"xmeas_12,xmeas_14,xmeas_18,xmeas_2,xmeas_23",0.13416502866012217,0.13420085327233872,3.582461221654509e-05,1.0002670182576459
5,17,"xmeas_10,xmeas_2,xmeas_33,xmeas_34,xmeas_37",0.1587130458043179,0.16356154751086702,0.00484850170654913,1.0305488536176926
5,18,"xmeas_11,xmeas_17,xmeas_23,xmeas_26,xmeas_6",0.14230036596538156,0.1414145988175687,-0.0008857671478128548,0.9937753691553689
5,19,"xmeas_14,xmeas_16,xmeas_17,xmeas_33,xmeas_38",0.13077915543932855,0.14909903018312382,0.01831987474379526,1.140082527435238
5,20,"xmeas_19,xmeas_28,xmeas_29,xmeas_30,xmeas_4",0.1536221460388835,0.16079586536162108,0.007173719322737582,1.0466971683643327
5,21,"xmeas_20,xmeas_21,xmeas_28,xmeas_35,xmeas_6",0.1400756689875613,0.15506263532189174,0.014986966334330443,1.1069919303755893
5,22,"xmeas_12,xmeas_15,xmeas_25,xmeas_26,xmeas_40",0.14041685246463803,0.13765169078047132,-0.0027651616841667115,0.9803074792401159
5,23,"xmeas_13,xmeas_15,xmeas_21,xmeas_37,xmeas_40",0.16450722752365676,0.16433398075861655,-0.00017324676504021363,0.9989468738392665
5,24,"xmeas_11,xmeas_30,xmeas_31,xmeas_36,xmeas_40",0.15467417251004845,0.1708516360153851,0.016177463505336664,1.1045905928077722
5,25,"xmeas_18,xmeas_3,xmeas_37,xmeas_4,xmeas_6",0.13058881386801874,0.1344690210484566,0.0038802071804378557,1.029713165795258
5,26,"xmeas_12,xmeas_22,xmeas_23,xmeas_31,xmeas_8",0.14315072265324397,0.14138799064276006,-0.0017627320104839084,0.9876861808548293
5,27,"xmeas_13,xmeas_18,xmeas_19,xmeas_26,xmeas_28",0.14263530483101539,0.731386415113863,0.5887511102828477,5.127667483640135
5,28,"xmeas_18,xmeas_24,xmeas_25,xmeas_31,xmeas_4",0.1553326999335953,0.1795461646321,0.02421346469850469,1.1558813089147861
5,29,"xmeas_13,xmeas_26,xmeas_28,xmeas_6,xmeas_7",0.1381203357591321,0.1499313903728589,0.011811054613726807,1.0855127844879613
5,30,"xmeas_12,xmeas_24,xmeas_37,xmeas_40,xmeas_7",0.16356124102685282,0.1651300535418722,0.001568812515019391,1.00959159030716
5,31,"xmeas_1,xmeas_11,xmeas_18,xmeas_39,xmeas_6",0.1274145649961302,0.16843295164618338,0.041018386650053196,1.3219285528236597
5,32,"xmeas_11,xmeas_19,xmeas_21,xmeas_27,xmeas_4",0.13149816539318657,0.19855735422258622,0.06705918882939965,1.509962922128174
5,33,"xmeas_11,xmeas_18,xmeas_21,xmeas_32,xmeas_40",0.12692759521585348,0.16787409838423206,0.040946503168378584,1.322597327763794
5,34,"xmeas_1,xmeas_11,xmeas_15,xmeas_17,xmeas_34",0.14353435196456615,0.15098961849204987,0.0074552665274837115,1.0519406422243094
5,35,"xmeas_12,xmeas_13,xmeas_22,xmeas_28,xmeas_5",0.13246624010190505,0.23742509152866956,0.1049588514267645,1.792344156267938
5,36,"xmeas_25,xmeas_28,xmeas_29,xmeas_32,xmeas_38",0.16980156518021552,0.16754700114050808,-0.0022545640397074462,0.9867223595024766
5,37,"xmeas_10,xmeas_2,xmeas_37,xmeas_6,xmeas_9",0.13694209960750214,0.13862478184027738,0.0016826822327752344,1.012287544417453
5,38,"xmeas_14,xmeas_18,xmeas_31,xmeas_32,xmeas_39",0.13782817065014347,0.16425618676440643,0.02642801611426296,1.1917461130799738
5,39,"xmeas_11,xmeas_20,xmeas_24,xmeas_36,xmeas_41",0.13988385694464717,0.24361255290411432,0.10372869595946715,1.7415344275670046
5,40,"xmeas_12,xmeas_17,xmeas_2,xmeas_39,xmeas_41",0.1594001536759118,0.15653506634921047,-0.002865087326701321,0.9820258176743724
5,41,"xmeas_32,xmeas_34,xmeas_36,xmeas_5,xmeas_9",0.1555036399576775,0.15965719346413185,0.004153553506454355,1.0267103291274324
5,42,"xmeas_13,xmeas_16,xmeas_17,xmeas_26,xmeas_29",0.1394308904670308,0.1771870667540324,0.03775617628700159,1.270787743185578
5,43,"xmeas_1,xmeas_10,xmeas_15,xmeas_38,xmeas_39",0.16709634189053868,0.15789836678735103,-0.00919797510318765,0.9449540600732692
5,44,"xmeas_30,xmeas_31,xmeas_34,xmeas_6,xmeas_8",0.15607289855399042,0.17386503026115138,0.017792131707160957,1.1139988541290928
5,45,"xmeas_11,xmeas_13,xmeas_2,xmeas_41,xmeas_8",0.1263827246157792,0.7927233735671224,0.6663406489513433,6.272402936001496
5,46,"xmeas_1,xmeas_17,xmeas_19,xmeas_38,xmeas_6",0.1321857444751717,0.1554487233700668,0.023262978894895092,1.175987046633957
5,47,"xmeas_1,xmeas_13,xmeas_26,xmeas_38,xmeas_5",0.13979040032876403,0.18166492983442273,0.0418745295056587,1.2995522530676031
5,48,"xmeas_16,xmeas_22,xmeas_33,xmeas_35,xmeas_8",0.1400229602489725,0.1619897107704493,0.021966750521476786,1.1568796315027914
5,49,"xmeas_17,xmeas_24,xmeas_31,xmeas_40,xmeas_5",0.1407753691568273,0.1448555606341426,0.004080191477315281,1.0289837021835224
5,50,"xmeas_12,xmeas_20,xmeas_21,xmeas_28,xmeas_6",0.13857568224808295,0.1428726963005786,0.004297014052495662,1.0310084271618605
5,51,"xmeas_1,xmeas_20,xmeas_25,xmeas_36,xmeas_38",0.15515629240602785,0.16656087020274274,0.011404577796714888,1.0735038038903373
5,52,"xmeas_18,xmeas_28,xmeas_30,xmeas_4,xmeas_6",0.13927747452036357,0.15125353195254895,0.011976057432185383,1.0859870367755389
5,53,"xmeas_18,xmeas_29,xmeas_33,xmeas_36,xmeas_7",0.15302749210066469,0.6606180809553389,0.5075905888546742,4.316989525575388
5,54,"xmeas_1,xmeas_12,xmeas_26,xmeas_35,xmeas_5",0.1549143551760678,0.16031080793474883,0.005396452758681031,1.0348350716049792
5,55,"xmeas_13,xmeas_21,xmeas_25,xmeas_30,xmeas_39",0.13727403652043296,0.1864373722470435,0.049163335726610524,1.3581400885190598
5,56,"xmeas_15,xmeas_16,xmeas_18,xmeas_38,xmeas_5",0.12636389418378058,0.7468221460161814,0.6204582518324008,5.910091250741388
5,57,"xmeas_10,xmeas_11,xmeas_12,xmeas_18,xmeas_21",0.1273125437456689,0.16720313426932562,0.03989059052365673,1.3133280446584508
5,58,"xmeas_3,xmeas_31,xmeas_36,xmeas_37,xmeas_5",0.1432883366003678,0.16091611258689717,0.01762777598652937,1.1230231035718632
5,59,"xmeas_13,xmeas_32,xmeas_38,xmeas_40,xmeas_8",0.15930800579468302,0.14625169175716143,-0.013056314037521582,0.918043578135345
5,60,"xmeas_12,xmeas_24,xmeas_41,xmeas_6,xmeas_7",0.13141961190354304,0.1369099490187734,0.005490337115230365,1.0417771513058671
5,61,"xmeas_27,xmeas_3,xmeas_35,xmeas_7,xmeas_8",0.14110580751992,0.1652293531473988,0.024123545627478815,1.1709606849950325
5,62,"xmeas_14,xmeas_16,xmeas_26,xmeas_31,xmeas_34",0.15672660349148365,0.17254640926425624,0.015819805772772588,1.1009388662183208
5,63,"xmeas_2,xmeas_21,xmeas_30,xmeas_33,xmeas_41",0.1449785730672083,0.14786647232086128,0.002887899253652987,1.019919489415324
5,64,"xmeas_10,xmeas_18,xmeas_23,xmeas_25,xmeas_38",0.14976808071336364,0.1602812633277802,0.010513182614416555,1.0701964160675714
5,65,"xmeas_20,xmeas_35,xmeas_39,xmeas_4,xmeas_5",0.1306177899368019,0.14765756066121277,0.017039770724410874,1.1304552053714112
5,66,"xmeas_27,xmeas_34,xmeas_35,xmeas_4,xmeas_41",0.15326349012883678,0.16588008026844842,0.012616590139611639,1.0823196054113988
5,67,"xmeas_12,xmeas_23,xmeas_26,xmeas_31,xmeas_32",0.16939079084018435,0.16245878928838609,-0.006932001551798267,0.959076868268204
5,68,"xmeas_13,xmeas_21,xmeas_22,xmeas_32,xmeas_5",0.13074429991851907,0.2373591789316037,0.10661487901308461,1.8154457127231038
5,69,"xmeas_11,xmeas_15,xmeas_26,xmeas_27,xmeas_30",0.15451531416704994,0.1567554911285103,0.002240176961460366,1.0144980895394526
5,70,"xmeas_10,xmeas_17,xmeas_18,xmeas_25,xmeas_7",0.13638043030268765,0.663605064709028,0.5272246344063404,4.8658378826758
5,71,"xmeas_13,xmeas_16,xmeas_17,xmeas_28,xmeas_8",0.1292583455766784,0.16979895658686417,0.04054061101018577,1.3136401808173563
5,72,"xmeas_20,xmeas_26,xmeas_35,xmeas_36,xmeas_39",0.1529601172462035,0.16488111772649014,0.011921000480286631,1.0779353506463722
5,73,"xmeas_20,xmeas_27,xmeas_33,xmeas_36,xmeas_9",0.15202137061462861,0.18024147679193486,0.028220106177306248,1.1856324932780697
5,74,"xmeas_12,xmeas_24,xmeas_3,xmeas_31,xmeas_8",0.14588750957117033,0.15723640691741958,0.011348897346249248,1.0777921103172547
5,75,"xmeas_19,xmeas_33,xmeas_36,xmeas_40,xmeas_6",0.13856671522895597,0.1413368618504526,0.002770146621496633,1.0199914280635167
5,76,"xmeas_21,xmeas_23,xmeas_27,xmeas_39,xmeas_4",0.1396118182920384,0.1476995652588531,0.008087746966814718,1.057930245160935
5,77,"xmeas_16,xmeas_19,xmeas_24,xmeas_31,xmeas_7",0.13827083023067005,0.2781963767282042,0.13992554649753414,2.0119672100247525
5,78,"xmeas_10,xmeas_25,xmeas_29,xmeas_36,xmeas_4",0.16841252670329576,0.17790085347035203,0.009488326767056271,1.056339791624518
5,79,"xmeas_1,xmeas_23,xmeas_38,xmeas_6,xmeas_7",0.12932251315598384,0.19779960290113544,0.0684770897451516,1.5295063320460416
5,80,"xmeas_20,xmeas_28,xmeas_30,xmeas_33,xmeas_37",0.1551027105443407,0.1834047908498123,0.0283020803054716,1.1824731501332035
5,81,"xmeas_33,xmeas_36,xmeas_41,xmeas_5,xmeas_6",0.14023218701506315,0.14013299469250512,-9.919232255803379e-05,0.9992926558117742
5,82,"xmeas_17,xmeas_25,xmeas_28,xmeas_32,xmeas_37",0.155274518652193,0.1550182110249986,-0.00025630762719439093,0.9983493252514699
5,83,"xmeas_27,xmeas_28,xmeas_31,xmeas_32,xmeas_35",0.18288062284351925,0.2000635912157272,0.017182968372207952,1.0939572929906014
5,84,"xmeas_12,xmeas_38,xmeas_39,xmeas_41,xmeas_7",0.20038758577858623,0.18199207044089974,-0.01839551533768649,0.9082003241017522
5,85,"xmeas_15,xmeas_28,xmeas_30,xmeas_5,xmeas_8",0.14295665533598356,0.14629759813863696,0.0033409428026534016,1.0233703194332877
5,86,"xmeas_16,xmeas_19,xmeas_24,xmeas_29,xmeas_6",0.13926101334263397,0.31861057830614126,0.1793495649635073,2.2878662910017313
5,87,"xmeas_12,xmeas_17,xmeas_32,xmeas_37,xmeas_5",0.1351542678043017,0.13579873432346468,0.0006444665191629728,1.0047683763831956
5,88,"xmeas_19,xmeas_2,xmeas_23,xmeas_29,xmeas_5",0.14702065592077035,0.16314094178915747,0.016120285868387124,1.1096464007486793
5,89,"xmeas_12,xmeas_17,xmeas_27,xmeas_32,xmeas_40",0.1422357361746297,0.14173533021418483,-0.0005004059604448718,0.9964818541841082
5,90,"xmeas_12,xmeas_20,xmeas_30,xmeas_33,xmeas_36",0.15427211903470578,0.1819360449369538,0.027663925902248032,1.179319023796469
5,91,"xmeas_12,xmeas_2,xmeas_27,xmeas_32,xmeas_34",0.1611420424700931,0.15933305529335062,-0.001808987176742466,0.9887739583792627
5,92,"xmeas_1,xmeas_26,xmeas_27,xmeas_37,xmeas_6",0.1554294920876775,0.16670295698756238,0.011273464899884872,1.072531053413418
5,93,"xmeas_10,xmeas_19,xmeas_2,xmeas_32,xmeas_40",0.1432116887783615,0.14137610164653108,-0.0018355871318304073,0.987182699637112
5,94,"xmeas_1,xmeas_12,xmeas_27,xmeas_36,xmeas_8",0.15730896374719902,0.16970118112293245,0.012392217375733428,1.07877629457766
5,95,"xmeas_2,xmeas_25,xmeas_32,xmeas_41,xmeas_6",0.14488618139367035,0.14443138291889057,-0.0004547984747797773,0.9968609941259329
5,96,"xmeas_10,xmeas_27,xmeas_3,xmeas_32,xmeas_33",0.16856552557623705,0.18680991223431054,0.018244386658073486,1.1082332018061354
5,97,"xmeas_19,xmeas_27,xmeas_32,xmeas_34,xmeas_39",0.155149843516079,0.15484251495298457,-0.0003073285630944278,0.9980191493853199
5,98,"xmeas_20,xmeas_22,xmeas_27,xmeas_31,xmeas_5",0.13993325911551385,0.1509581640164339,0.011024904900920035,1.0787868792789308
5,99,"xmeas_17,xmeas_3,xmeas_30,xmeas_32,xmeas_6",0.14422118402514078,0.1462113833715069,0.0019901993463661283,1.0137996318532458
5,100,"xmeas_20,xmeas_26,xmeas_27,xmeas_30,xmeas_39",0.15317222598336896,0.16449539714457642,0.011323171161207457,1.0739244401595656
8,1,"xmeas_1,xmeas_17,xmeas_18,xmeas_2,xmeas_28,xmeas_33,xmeas_41,xmeas_8",0.06474477411033878,0.07898450134916273,0.01423972723882394,1.2199363162896022
8,2,"xmeas_10,xmeas_16,xmeas_19,xmeas_20,xmeas_23,xmeas_25,xmeas_29,xmeas_35",0.07742759427939369,0.3851318849202204,0.3077042906408267,4.9740908006657385
8,3,"xmeas_10,xmeas_17,xmeas_19,xmeas_25,xmeas_37,xmeas_39,xmeas_41,xmeas_7",0.09369639407489343,0.21667467361052745,0.12297827953563402,2.312518806284937
8,4,"xmeas_11,xmeas_13,xmeas_26,xmeas_35,xmeas_36,xmeas_37,xmeas_4,xmeas_5",0.0628071944906183,0.7193580051718201,0.6565508106812018,11.453433159380005
8,5,"xmeas_13,xmeas_15,xmeas_23,xmeas_25,xmeas_31,xmeas_37,xmeas_6,xmeas_9",0.06485519309499736,0.07698637064206872,0.012131177547071353,1.1870502090803594
8,6,"xmeas_13,xmeas_21,xmeas_22,xmeas_23,xmeas_29,xmeas_4,xmeas_41,xmeas_8",0.058913835762275456,0.10761342776792703,0.04869959200565157,1.8266240212146088
8,7,"xmeas_12,xmeas_15,xmeas_16,xmeas_20,xmeas_21,xmeas_22,xmeas_25,xmeas_8",0.05788787490104466,0.377436223226774,0.3195483483257293,6.520125729610262
8,8,"xmeas_11,xmeas_19,xmeas_20,xmeas_28,xmeas_30,xmeas_32,xmeas_40,xmeas_41",0.07463759325620746,0.19319948270850204,0.11856188945229458,2.588500968760591
8,9,"xmeas_12,xmeas_2,xmeas_3,xmeas_32,xmeas_37,xmeas_38,xmeas_39,xmeas_4",0.0905902483879982,0.07648431463758196,-0.014105933750416244,0.8442886062699667
8,10,"xmeas_1,xmeas_17,xmeas_18,xmeas_26,xmeas_28,xmeas_32,xmeas_35,xmeas_38",0.07607920437276451,0.10056951843769095,0.02449031406492644,1.3219054948674405
8,11,"xmeas_13,xmeas_18,xmeas_19,xmeas_3,xmeas_32,xmeas_36,xmeas_39,xmeas_40",0.07315895863952776,0.6475554151526485,0.5743964565131208,8.851348164456235
8,12,"xmeas_1,xmeas_13,xmeas_14,xmeas_24,xmeas_27,xmeas_32,xmeas_33,xmeas_9",0.07745446949909357,0.09202315118149414,0.014568681682400567,1.1880934910252237
8,13,"xmeas_21,xmeas_32,xmeas_33,xmeas_35,xmeas_36,xmeas_40,xmeas_41,xmeas_8",0.07938689093434866,0.08178797832076057,0.0024010873864119125,1.0302453875586717
8,14,"xmeas_17,xmeas_19,xmeas_2,xmeas_28,xmeas_3,xmeas_30,xmeas_38,xmeas_40",0.07155742679419289,0.07264839518341076,0.0010909683892178779,1.0152460525282865
8,15,"xmeas_11,xmeas_20,xmeas_22,xmeas_25,xmeas_40,xmeas_7,xmeas_8,xmeas_9",0.05406895441803063,0.7388080647144979,0.6847391102964673,13.664182548011429
8,16,"xmeas_16,xmeas_21,xmeas_23,xmeas_25,xmeas_27,xmeas_29,xmeas_30,xmeas_33",0.08394650609452084,0.09684353641306759,0.012897030318546748,1.1536339128713917
8,17,"xmeas_12,xmeas_13,xmeas_19,xmeas_22,xmeas_30,xmeas_32,xmeas_34,xmeas_41",0.06321691782931664,0.2055475123275744,0.14233059449825775,3.2514636755527815
8,18,"xmeas_13,xmeas_15,xmeas_20,xmeas_23,xmeas_31,xmeas_35,xmeas_40,xmeas_5",0.06409101675048526,0.1099246218230953,0.04583360507261004,1.7151330595913774
8,19,"xmeas_1,xmeas_13,xmeas_14,xmeas_15,xmeas_22,xmeas_23,xmeas_7,xmeas_8",0.05483456490007323,0.12172892388196196,0.06689435898188874,2.219930510651437
8,20,"xmeas_1,xmeas_11,xmeas_12,xmeas_17,xmeas_21,xmeas_22,xmeas_5,xmeas_7",0.056407177095595784,0.7400998351629281,0.6836926580673324,13.12066782914133
8,21,"xmeas_17,xmeas_21,xmeas_25,xmeas_29,xmeas_30,xmeas_36,xmeas_39,xmeas_41",0.07770259757981157,0.08047906359887591,0.0027764660190643387,1.035731957514539
8,22,"xmeas_17,xmeas_18,xmeas_23,xmeas_26,xmeas_27,xmeas_30,xmeas_4,xmeas_40",0.06962493808062216,0.07376438245320141,0.004139444372579251,1.05945347142486
8,23,"xmeas_1,xmeas_14,xmeas_25,xmeas_26,xmeas_28,xmeas_35,xmeas_37,xmeas_6",0.07758549871001873,0.08325311794507438,0.005667619235055654,1.0730499799831639
8,24,"xmeas_10,xmeas_13,xmeas_17,xmeas_31,xmeas_34,xmeas_38,xmeas_4,xmeas_40",0.07272293678622191,0.07780480006288623,0.005081863276664322,1.0698797847591761
8,25,"xmeas_10,xmeas_16,xmeas_17,xmeas_2,xmeas_3,xmeas_31,xmeas_33,xmeas_38",0.06662111362654888,0.07923990372072516,0.012618790094176283,1.1894112735186477
8,26,"xmeas_1,xmeas_17,xmeas_23,xmeas_25,xmeas_28,xmeas_29,xmeas_30,xmeas_33",0.08580911643239854,0.10849627759989204,0.022687161167493503,1.2643910342431697
8,27,"xmeas_1,xmeas_11,xmeas_16,xmeas_21,xmeas_28,xmeas_31,xmeas_37,xmeas_8",0.06369953662242306,0.6591405271763318,0.5954409905539086,10.347650251344856
8,28,"xmeas_14,xmeas_16,xmeas_21,xmeas_23,xmeas_32,xmeas_33,xmeas_36,xmeas_9",0.07228228467723494,0.07899833105996974,0.0067160463827348055,1.092914139383292
8,29,"xmeas_10,xmeas_20,xmeas_28,xmeas_33,xmeas_38,xmeas_4,xmeas_41,xmeas_8",0.07314556983480137,0.07819370943820712,0.005048139603405749,1.0690149725800953
8,30,"xmeas_11,xmeas_16,xmeas_21,xmeas_23,xmeas_29,xmeas_34,xmeas_5,xmeas_6",0.06528202480309678,0.6603209507423653,0.5950389259392685,10.114896891181477
8,31,"xmeas_14,xmeas_18,xmeas_20,xmeas_3,xmeas_34,xmeas_40,xmeas_6,xmeas_9",0.05741079540325243,0.16431494056173415,0.10690414515848172,2.8620913387696465
8,32,"xmeas_1,xmeas_11,xmeas_14,xmeas_17,xmeas_19,xmeas_25,xmeas_35,xmeas_36",0.07193382954177165,0.10214331172488633,0.030209482183114686,1.4199620989673012
8,33,"xmeas_10,xmeas_13,xmeas_14,xmeas_15,xmeas_23,xmeas_34,xmeas_37,xmeas_39",0.07589086636865754,0.07690333335880076,0.001012466990143221,1.0133410901371296
8,34,"xmeas_1,xmeas_10,xmeas_12,xmeas_13,xmeas_21,xmeas_22,xmeas_24,xmeas_34",0.07012959029812986,0.1087367288367889,0.03860713853865905,1.5505113921168516
8,35,"xmeas_10,xmeas_18,xmeas_20,xmeas_23,xmeas_26,xmeas_3,xmeas_30,xmeas_31",0.07526780049979225,0.17473637897291333,0.09946857847312109,2.3215289616606074
8,36,"xmeas_10,xmeas_19,xmeas_24,xmeas_28,xmeas_30,xmeas_33,xmeas_41,xmeas_8",0.0741096049881332,0.09340537141307603,0.019295766424942837,1.2603679550308733
8,37,"xmeas_17,xmeas_18,xmeas_2,xmeas_27,xmeas_34,xmeas_38,xmeas_40,xmeas_6",0.06996684575674193,0.0663844328362841,-0.003582412920457828,0.9487984205005774
8,38,"xmeas_10,xmeas_13,xmeas_17,xmeas_2,xmeas_20,xmeas_3,xmeas_31,xmeas_35",0.06668948356783004,0.11109429092662479,0.04440480735879475,1.665844220356664
8,39,"xmeas_12,xmeas_17,xmeas_20,xmeas_25,xmeas_31,xmeas_38,xmeas_41,xmeas_8",0.06995637615861523,0.07612573910849767,0.006169362949882434,1.0881887138789965
8,40,"xmeas_1,xmeas_11,xmeas_2,xmeas_20,xmeas_30,xmeas_40,xmeas_5,xmeas_6",0.06058607470347524,0.11656567777315358,0.055979603069678335,1.9239681420402452
8,41,"xmeas_10,xmeas_12,xmeas_19,xmeas_20,xmeas_23,xmeas_37,xmeas_39,xmeas_9",0.07287545619668234,0.16005713574378344,0.0871816795471011,2.1963105807828756
8,42,"xmeas_17,xmeas_18,xmeas_19,xmeas_2,xmeas_29,xmeas_32,xmeas_34,xmeas_8",0.06657564578000154,0.5699686556152582,0.5033930098352567,8.561218566960527
8,43,"xmeas_1,xmeas_2,xmeas_32,xmeas_34,xmeas_4,xmeas_40,xmeas_5,xmeas_7",0.06627602213849765,0.08850393395154685,0.0222279118130492,1.335383913552641
8,44,"xmeas_1,xmeas_11,xmeas_19,xmeas_21,xmeas_22,xmeas_25,xmeas_31,xmeas_35",0.07180353758008445,0.10889482063745042,0.03709128305736596,1.5165662327478004
8,45,"xmeas_10,xmeas_18,xmeas_22,xmeas_25,xmeas_34,xmeas_36,xmeas_39,xmeas_9",0.06835506687269385,0.09063711860285277,0.022282051730158917,1.3259751268923494
8,46,"xmeas_11,xmeas_12,xmeas_20,xmeas_22,xmeas_23,xmeas_29,xmeas_5,xmeas_9",0.06019047953103161,0.1226981647981514,0.06250768526711979,2.038497874585693
8,47,"xmeas_1,xmeas_13,xmeas_14,xmeas_26,xmeas_27,xmeas_30,xmeas_40,xmeas_7",0.07001775939809646,0.10810513116566763,0.03808737176757117,1.543967301161738
8,48,"xmeas_22,xmeas_28,xmeas_31,xmeas_39,xmeas_40,xmeas_5,xmeas_6,xmeas_9",0.07243080822264773,0.0726415572040796,0.00021074898143186305,1.0029096580075854
8,49,"xmeas_1,xmeas_10,xmeas_22,xmeas_24,xmeas_34,xmeas_37,xmeas_39,xmeas_41",0.09953653943501482,0.09837025554841691,-0.0011662838865979103,0.9882828558030428
8,50,"xmeas_11,xmeas_19,xmeas_23,xmeas_29,xmeas_3,xmeas_41,xmeas_6,xmeas_7",0.058860963019487726,0.7374366906318208,0.6785757276123331,12.52845097241825
8,51,"xmeas_1,xmeas_10,xmeas_2,xmeas_23,xmeas_34,xmeas_36,xmeas_6,xmeas_7",0.07552914105547417,0.10389572557073339,0.02836658451525921,1.3755713884905372
8,52,"xmeas_11,xmeas_14,xmeas_20,xmeas_23,xmeas_25,xmeas_27,xmeas_28,xmeas_30",0.07677498508243434,0.12013945413591777,0.04336446905348343,1.5648254942731656
8,53,"xmeas_1,xmeas_14,xmeas_17,xmeas_18,xmeas_2,xmeas_21,xmeas_30,xmeas_33",0.06580527742705411,0.08127383353083086,0.015468556103776746,1.2350655841762428
8,54,"xmeas_11,xmeas_14,xmeas_17,xmeas_24,xmeas_28,xmeas_37,xmeas_6,xmeas_8",0.05934576232924359,0.060415360320348735,0.0010695979911051479,1.0180231552738142
8,55,"xmeas_12,xmeas_16,xmeas_17,xmeas_25,xmeas_26,xmeas_28,xmeas_32,xmeas_35",0.07741989628430906,0.08035060273587902,0.0029307064515699532,1.0378546922489027
8,56,"xmeas_17,xmeas_21,xmeas_27,xmeas_29,xmeas_31,xmeas_34,xmeas_37,xmeas_4",0.07123736721663515,0.07890912315487114,0.007671755938235991,1.1076928601830083
8,57,"xmeas_1,xmeas_15,xmeas_16,xmeas_17,xmeas_27,xmeas_39,xmeas_40,xmeas_8",0.07242003426916438,0.11102029155764455,0.03860025728848017,1.5330052315594553
8,58,"xmeas_1,xmeas_11,xmeas_13,xmeas_16,xmeas_17,xmeas_22,xmeas_23,xmeas_37",0.05204332683302272,0.6168158769452385,0.5647725501122158,11.851968605678325
8,59,"xmeas_12,xmeas_14,xmeas_15,xmeas_30,xmeas_36,xmeas_40,xmeas_6,xmeas_7",0.05944409641123204,0.08160687302267286,0.022162776611440817,1.3728339366257023
8,60,"xmeas_15,xmeas_18,xmeas_23,xmeas_29,xmeas_36,xmeas_4,xmeas_7,xmeas_9",0.06343609315465867,0.5606734166971177,0.497237323542459,8.838397636600083
8,61,"xmeas_1,xmeas_10,xmeas_17,xmeas_2,xmeas_20,xmeas_36,xmeas_39,xmeas_5",0.06526475140093546,0.0710574854012584,0.005792734000322944,1.08875746504972
8,62,"xmeas_10,xmeas_12,xmeas_13,xmeas_31,xmeas_4,xmeas_41,xmeas_6,xmeas_9",0.061159019122186305,0.07152463966200141,0.010365620539815108,1.169486374563293
8,63,"xmeas_13,xmeas_16,xmeas_22,xmeas_3,xmeas_34,xmeas_38,xmeas_41,xmeas_6",0.06661820617718264,0.10748019319872124,0.04086198702153859,1.613375670181234
8,64,"xmeas_11,xmeas_15,xmeas_19,xmeas_20,xmeas_21,xmeas_37,xmeas_4,xmeas_7",0.054983893381647136,0.735970199579296,0.6809863061976489,13.385196154305673
8,65,"xmeas_11,xmeas_14,xmeas_16,xmeas_26,xmeas_31,xmeas_32,xmeas_41,xmeas_5",0.06335205585016952,0.6621398566003652,0.5987878007501957,10.45175009191779
8,66,"xmeas_11,xmeas_16,xmeas_27,xmeas_33,xmeas_4,xmeas_5,xmeas_8,xmeas_9",0.058919897338622025,0.6610937897880494,0.6021738924494274,11.220212840267134
8,67,"xmeas_23,xmeas_27,xmeas_32,xmeas_34,xmeas_36,xmeas_6,xmeas_7,xmeas_9",0.0786525967567043,0.08012405319292207,0.0014714564362177662,1.0187082994716448
8,68,"xmeas_1,xmeas_11,xmeas_2,xmeas_3,xmeas_36,xmeas_40,xmeas_6,xmeas_9",0.06341106864629453,0.06835351976016718,0.004942451113872648,1.0779430328425346
8,69,"xmeas_14,xmeas_15,xmeas_17,xmeas_19,xmeas_30,xmeas_38,xmeas_41,xmeas_6",0.06827197862748184,0.06858915363747085,0.0003171750099890125,1.004645755343566
8,70,"xmeas_11,xmeas_14,xmeas_20,xmeas_36,xmeas_41,xmeas_6,xmeas_7,xmeas_8",0.05490222496563858,0.7402902053037062,0.6853879803380676,13.483792404017308
8,71,"xmeas_16,xmeas_18,xmeas_22,xmeas_3,xmeas_32,xmeas_37,xmeas_40,xmeas_41",0.09340345464110157,0.666899288892793,0.5734958342516915,7.139985247240844
8,72,"xmeas_13,xmeas_17,xmeas_26,xmeas_28,xmeas_32,xmeas_33,xmeas_37,xmeas_6",0.070348289569079,0.07580472946574991,0.0054564398966709116,1.0775632189828384
8,73,"xmeas_2,xmeas_22,xmeas_23,xmeas_25,xmeas_28,xmeas_31,xmeas_34,xmeas_9",0.07915839587490858,0.08759154509923833,0.00843314922432975,1.106535118864749
8,74,"xmeas_1,xmeas_11,xmeas_17,xmeas_20,xmeas_3,xmeas_35,xmeas_36,xmeas_38",0.065700122541912,0.1156507749035887,0.0499506523616767,1.760282481266051
8,75,"xmeas_13,xmeas_14,xmeas_17,xmeas_25,xmeas_30,xmeas_35,xmeas_40,xmeas_6",0.06457948231751783,0.08462488001955114,0.020045397702033313,1.31039885814563
8,76,"xmeas_14,xmeas_17,xmeas_20,xmeas_22,xmeas_35,xmeas_39,xmeas_4,xmeas_8",0.057729903949605046,0.06271715058594009,0.004987246636335041,1.0863893092919346
8,77,"xmeas_10,xmeas_11,xmeas_19,xmeas_22,xmeas_27,xmeas_28,xmeas_32,xmeas_39",0.07034976320615735,0.10133789708375798,0.030988133877600632,1.440486681422685
8,78,"xmeas_13,xmeas_15,xmeas_16,xmeas_23,xmeas_26,xmeas_27,xmeas_35,xmeas_7",0.07117694925761951,0.08935464352056735,0.01817769426294784,1.255387373679312
8,79,"xmeas_13,xmeas_15,xmeas_16,xmeas_19,xmeas_23,xmeas_27,xmeas_41,xmeas_7",0.05607971954899781,0.1544477259318593,0.09836800638286147,2.754074501415939
8,80,"xmeas_1,xmeas_12,xmeas_14,xmeas_23,xmeas_24,xmeas_26,xmeas_34,xmeas_35",0.08183074706598435,0.10337274844443302,0.021542001378448666,1.2632506976229019
8,81,"xmeas_11,xmeas_24,xmeas_31,xmeas_32,xmeas_34,xmeas_5,xmeas_6,xmeas_7",0.07139042140264408,0.7403561401953607,0.6689657187927166,10.370524849302651
8,82,"xmeas_20,xmeas_21,xmeas_24,xmeas_27,xmeas_30,xmeas_34,xmeas_39,xmeas_7",0.07018494472114052,0.12397516746881,0.05379022274766948,1.7664068524203962
8,83,"xmeas_1,xmeas_15,xmeas_17,xmeas_19,xmeas_22,xmeas_25,xmeas_27,xmeas_35",0.0712136189670462,0.08284981588867105,0.011636196921624847,1.1633984759385647
8,84,"xmeas_13,xmeas_16,xmeas_32,xmeas_33,xmeas_34,xmeas_36,xmeas_40,xmeas_7",0.06964646981365087,0.0880097340749712,0.01836326426132033,1.263663961491336
8,85,"xmeas_13,xmeas_15,xmeas_28,xmeas_34,xmeas_35,xmeas_37,xmeas_39,xmeas_9",0.07631628811431922,0.08213896822734286,0.005822680113023643,1.0762966877617501
8,86,"xmeas_10,xmeas_18,xmeas_24,xmeas_25,xmeas_26,xmeas_28,xmeas_38,xmeas_4",0.07619968105789761,0.07887437907817595,0.0026746980202783377,1.0351011694489372
8,87,"xmeas_11,xmeas_12,xmeas_13,xmeas_15,xmeas_25,xmeas_32,xmeas_36,xmeas_9",0.06422591905108146,0.7193148271227209,0.6550889080716394,11.199759172471241
8,88,"xmeas_25,xmeas_28,xmeas_31,xmeas_39,xmeas_40,xmeas_5,xmeas_6,xmeas_9",0.07646165294246442,0.08491665760298561,0.008455004660521195,1.1105783647631258
8,89,"xmeas_1,xmeas_16,xmeas_25,xmeas_33,xmeas_36,xmeas_38,xmeas_39,xmeas_6",0.08089943843720254,0.10672003372248912,0.025820595285286574,1.319169028267269
8,90,"xmeas_10,xmeas_18,xmeas_19,xmeas_27,xmeas_34,xmeas_39,xmeas_40,xmeas_9",0.07538354587010691,0.5713775076328959,0.4959939617627889,7.579605075349914
8,91,"xmeas_12,xmeas_18,xmeas_19,xmeas_20,xmeas_27,xmeas_32,xmeas_41,xmeas_9",0.06039041631950151,0.5588648184056346,0.49847440208613314,9.254197131602552
8,92,"xmeas_13,xmeas_24,xmeas_27,xmeas_38,xmeas_4,xmeas_40,xmeas_41,xmeas_5",0.08815586588318192,0.07763590417252075,-0.010519961710661163,0.8806663437159347
8,93,"xmeas_12,xmeas_13,xmeas_26,xmeas_30,xmeas_33,xmeas_34,xmeas_37,xmeas_38",0.08097646351784495,0.08961103084800136,0.008634567330156412,1.1066305793607614
8,94,"xmeas_11,xmeas_18,xmeas_24,xmeas_28,xmeas_34,xmeas_40,xmeas_6,xmeas_9",0.06436681638827443,0.07807299187642579,0.013706175488151354,1.2129385316213082
8,95,"xmeas_1,xmeas_10,xmeas_18,xmeas_19,xmeas_2,xmeas_3,xmeas_4,xmeas_9",0.062048942563094546,0.5702592302042009,0.5082102876411063,9.190474579083835
8,96,"xmeas_1,xmeas_12,xmeas_28,xmeas_3,xmeas_35,xmeas_41,xmeas_6,xmeas_7",0.06475965551015567,0.08613096505930791,0.021371309549152243,1.330009621697259
8,97,"xmeas_11,xmeas_14,xmeas_15,xmeas_20,xmeas_23,xmeas_28,xmeas_31,xmeas_40",0.06336758897153473,0.12086165346724172,0.05749406449570699,1.9073102707253515
8,98,"xmeas_13,xmeas_15,xmeas_24,xmeas_26,xmeas_31,xmeas_38,xmeas_40,xmeas_8",0.07259672577476604,0.07124853837713035,-0.001348187397635689,0.9814290867612764
8,99,"xmeas_15,xmeas_2,xmeas_27,xmeas_29,xmeas_3,xmeas_35,xmeas_39,xmeas_6",0.06763767693728671,0.07603442516466104,0.008396748227374323,1.1241430589454668
8,100,"xmeas_18,xmeas_26,xmeas_30,xmeas_34,xmeas_36,xmeas_37,xmeas_38,xmeas_8",0.08034406040317117,0.0755498438770351,-0.004794216526136069,0.9403289229333034
